day,date,phase,strikes,retal,strikes_civfac,strikes_milfac,health_insults,hssi,hssi_pct,facil_damage_bench,facil_damage_pct,iran_civ,iran_mil,us_mil,leb_all,isr_mil,killed_total,cum_iran_daily,cum_leb_daily,snap_iranian_killed,snap_lebanese_killed,snap_displaced,snap_children_killed,conf_high_share,strike_day,kinetic_day
1,2026-02-28,Major Combat,16,16,4,11,0,0,0.0,2.066666666666667,0.668824163969795,5,65,0,0,0,70,70,0,,,,,0.65,1,1
2,2026-03-01,Major Combat,17,17,2,15,0,0,0.0,4.133333333333334,1.33764832793959,10,98,6,0,0,114,178,0,,,,,0.703125,1,1
3,2026-03-02,Major Combat,16,20,2,14,1,1,4.761904761904762,6.2,2.0064724919093853,15,122,0,44,0,181,315,44,,,,,0.6142857142857143,1,1
4,2026-03-03,Major Combat,7,15,2,5,0,1,4.761904761904762,8.266666666666667,2.67529665587918,12,106,0,58,0,176,433,102,,,,,0.5,1,1
5,2026-03-04,Major Combat,5,15,2,3,0,1,4.761904761904762,10.333333333333334,3.3441208198489756,35,90,0,64,0,189,558,166,,,,,0.4634146341463415,1,1
6,2026-03-05,Major Combat,5,13,2,3,0,1,4.761904761904762,12.4,4.0129449838187705,20,82,0,68,0,170,660,234,,,,,0.41025641025641024,1,1
7,2026-03-06,Major Combat,6,9,2,4,0,1,4.761904761904762,14.466666666666667,4.6817691477885655,15,73,0,61,0,149,748,295,,,,,0.3783783783783784,1,1
8,2026-03-07,Major Combat,10,11,5,5,0,1,4.761904761904762,16.533333333333335,5.35059331175836,25,114,1,75,0,215,887,370,,,,,0.45098039215686275,1,1
9,2026-03-08,Major Combat,10,8,5,5,0,1,4.761904761904762,18.6,6.019417475728156,18,98,0,58,0,174,1003,428,,,,,0.42,1,1
10,2026-03-09,Major Combat,8,8,5,3,0,1,4.761904761904762,20.666666666666668,6.688241639697951,10,65,0,48,0,123,1078,476,,,,,0.35555555555555557,1,1
11,2026-03-10,Major Combat,8,8,6,2,1,2,9.523809523809524,22.733333333333334,7.357065803667746,8,65,0,40,0,113,1151,516,,,,,0.37209302325581395,1,1
12,2026-03-11,Major Combat,7,12,4,3,0,2,9.523809523809524,24.8,8.025889967637541,45,78,0,54,0,177,1274,570,,,,,0.4888888888888889,1,1
13,2026-03-12,Major Combat,9,9,5,4,1,3,14.285714285714286,26.866666666666667,8.694714131607334,20,91,6,85,4,206,1385,655,,,,,0.43478260869565216,1,1
14,2026-03-13,Major Combat,8,11,5,3,0,3,14.285714285714286,28.933333333333334,9.363538295577131,20,95,0,65,6,186,1500,720,1500.0,720.0,850000.0,125.0,0.46808510638297873,1,1
15,2026-03-14,Major Combat,4,8,2,1,0,3,14.285714285714286,31.0,10.032362459546926,15,80,0,55,2,152,1595,775,2133.3333333333335,770.0,862500.0,150.16666666666666,0.5,1,1
16,2026-03-15,Major Combat,3,6,2,1,0,3,14.285714285714286,42.5,13.754045307443366,10,70,0,50,0,130,1675,825,2766.666666666667,820.0,875000.0,175.33333333333334,0.43478260869565216,1,1
17,2026-03-16,Major Combat,2,13,1,1,0,3,14.285714285714286,54.0,17.475728155339805,8,65,0,48,2,123,1748,873,3400.0,870.0,887500.0,200.5,0.6296296296296297,1,1
18,2026-03-17,Major Combat,9,14,2,4,0,3,14.285714285714286,65.5,21.197411003236247,8,60,0,45,1,114,1816,918,4033.3333333333335,920.0,900000.0,225.66666666666669,0.6666666666666666,1,1
19,2026-03-18,Major Combat,8,9,4,2,0,3,14.285714285714286,77.0,24.919093851132686,10,55,0,50,1,116,1881,968,4666.666666666667,944.0,2550000.0,250.83333333333334,0.5161290322580645,1,1
20,2026-03-19,Major Combat,10,16,2,8,0,3,14.285714285714286,88.5,28.640776699029125,15,70,0,48,2,135,1966,1016,5300.0,968.0,4200000.0,276.0,0.6888888888888889,1,1
21,2026-03-20,Major Combat,13,13,2,10,0,3,14.285714285714286,100.0,32.362459546925564,12,75,0,33,0,120,2053,1049,5300.0,1001.0,4200000.0,322.0,0.5909090909090909,1,1
22,2026-03-21,Major Combat,8,16,1,3,0,3,14.285714285714286,111.5,36.08414239482201,8,55,0,40,0,103,2116,1089,5300.0,1001.0,4200000.0,322.0,0.75,1,1
23,2026-03-22,Major Combat,2,5,0,2,0,3,14.285714285714286,123.0,39.80582524271845,6,50,0,45,0,101,2172,1134,5300.0,1001.0,4200000.0,296.0,0.7058823529411765,1,1
24,2026-03-23,Major Combat,4,9,3,1,0,3,14.285714285714286,134.5,43.52750809061489,8,45,0,28,0,81,2225,1162,5900.0,1029.0,4100000.0,338.0,0.52,1,1
25,2026-03-24,Major Combat,6,11,3,1,0,3,14.285714285714286,146.0,47.249190938511326,6,40,0,30,0,76,2271,1192,5900.0,1029.0,4200000.0,338.0,0.5555555555555556,1,1
26,2026-03-25,Major Combat,7,11,3,2,1,4,19.047619047619047,157.5,50.970873786407765,12,45,0,33,0,90,2328,1225,5900.0,1072.0,4200000.0,338.0,0.5357142857142857,1,1
27,2026-03-26,Major Combat,6,9,1,2,0,4,19.047619047619047,169.0,54.69255663430421,10,55,0,30,1,96,2393,1255,6100.0,1001.0,4200000.0,338.0,0.6,1,1
28,2026-03-27,Major Combat,9,10,3,6,0,4,19.047619047619047,180.5,58.41423948220065,8,60,0,28,1,97,2461,1283,6530.0,1116.0,4200000.0,338.0,0.5882352941176471,1,1
29,2026-03-28,Major Combat,5,13,2,3,0,4,19.047619047619047,192.0,62.13592233009709,6,50,0,25,1,82,2517,1308,6600.0,1116.0,4400000.0,338.0,0.5714285714285714,1,1
30,2026-03-29,Major Combat,8,10,4,3,1,5,23.80952380952381,203.5,65.85760517799353,8,45,0,30,0,83,2570,1338,6800.0,1189.0,4200000.0,355.0,0.43333333333333335,1,1
31,2026-03-30,Major Combat,1,7,1,0,1,6,28.571428571428573,215.0,69.57928802588997,17,48,1,28,0,94,2635,1366,7000.0,1247.0,4400000.0,357.0,0.4117647058823529,1,1
32,2026-03-31,Major Combat,2,6,2,0,0,6,28.571428571428573,226.5,73.30097087378641,10,42,0,25,0,77,2687,1391,7200.0,1200.0,4400000.0,357.0,0.4117647058823529,1,1
33,2026-04-01,Major Combat,10,14,3,5,2,8,38.095238095238095,238.0,77.02265372168284,15,50,2,25,0,92,2752,1416,7500.0,1200.0,4400000.0,360.0,0.5454545454545454,1,1
34,2026-04-02,Major Combat,8,8,3,4,2,10,47.61904761904762,249.5,80.74433656957929,12,55,0,22,0,89,2819,1438,7800.0,1200.0,4400000.0,362.0,0.5652173913043478,1,1
35,2026-04-03,Major Combat,1,6,0,1,0,10,47.61904761904762,261.0,84.46601941747574,8,45,0,20,0,73,2872,1458,8000.0,1318.0,4400000.0,365.0,0.5833333333333334,1,1
36,2026-04-04,Major Combat,3,6,1,2,0,10,47.61904761904762,272.5,88.18770226537217,10,48,0,18,0,76,2930,1476,8200.0,1345.0,4300000.0,365.0,0.5714285714285714,1,1
37,2026-04-05,Major Combat,6,7,3,2,1,11,52.38095238095238,284.0,91.90938511326861,12,50,0,18,1,81,2992,1494,8500.0,1345.0,7200000.0,370.0,0.6842105263157895,1,1
38,2026-04-06,Major Combat,0,3,0,0,0,11,52.38095238095238,295.5,95.63106796116504,8,45,0,15,0,68,3045,1509,8700.0,1200.0,7200000.0,370.0,0.375,0,1
39,2026-04-07,Major Combat,13,9,5,4,0,11,52.38095238095238,307.0,99.35275080906149,22,55,0,18,0,95,3122,1527,9000.0,1497.0,7500000.0,376.0,0.65625,1,1
40,2026-04-08,Major Combat,1,1,0,0,0,11,52.38095238095238,307.01526717557255,99.35769164258011,1,2,0,254,0,257,3125,1781,9100.0,1751.0,7500000.0,376.0,0.2857142857142857,1,1
41,2026-04-09,First Ceasefire,0,3,0,0,0,11,52.38095238095238,307.03053435114504,99.36263247609871,0,0,0,3,0,3,3125,1784,9100.0,1754.0,7500000.0,376.0,0.375,0,1
42,2026-04-10,First Ceasefire,0,1,0,0,0,11,52.38095238095238,307.0458015267176,99.36757330961734,0,0,0,45,0,45,3125,1829,9100.0,1888.0,7500000.0,376.0,0.16666666666666666,0,1
43,2026-04-11,First Ceasefire,0,2,0,0,0,11,52.38095238095238,307.0610687022901,99.37251414313594,0,0,0,14,0,14,3125,1843,9100.0,1953.0,7500000.0,376.0,0.2857142857142857,0,1
44,2026-04-12,First Ceasefire,0,2,0,0,0,11,52.38095238095238,307.0763358778626,99.37745497665458,0,0,0,67,0,67,3125,1910,9100.0,2020.0,7800000.0,376.0,0.2857142857142857,0,1
45,2026-04-13,First Ceasefire,0,2,0,0,2,13,61.904761904761905,307.0916030534351,99.38239581017316,0,0,0,35,0,35,3125,1945,9100.0,2055.0,7800000.0,376.0,0.2857142857142857,0,1
46,2026-04-14,First Ceasefire,0,2,0,0,1,14,66.66666666666667,307.10687022900765,99.3873366436918,0,0,0,34,0,34,3125,1979,9100.0,2089.0,7800000.0,376.0,0.2857142857142857,0,1
47,2026-04-15,First Ceasefire,0,2,0,0,0,14,66.66666666666667,307.12213740458014,99.3922774772104,0,0,0,43,1,44,3125,2022,9100.0,2132.0,7800000.0,376.0,0.2857142857142857,0,1
48,2026-04-16,First Ceasefire,1,3,0,0,0,14,66.66666666666667,307.1374045801527,99.39721831072903,0,0,0,35,0,35,3125,2057,9100.0,2167.0,7800000.0,380.0,0.4444444444444444,1,1
49,2026-04-17,First Ceasefire,0,2,0,0,0,14,66.66666666666667,307.1526717557252,99.40215914424763,0,0,0,15,0,15,3125,2072,9100.0,2196.0,7800000.0,380.0,0.2857142857142857,0,1
50,2026-04-18,First Ceasefire,0,2,0,0,0,14,66.66666666666667,307.1679389312977,99.40709997776625,0,0,0,2,0,2,3125,2074,9100.0,2294.0,7800000.0,380.0,0.2857142857142857,0,1
51,2026-04-19,First Ceasefire,0,1,0,0,1,15,71.42857142857143,307.1832061068702,99.41204081128485,0,0,0,35,0,35,3125,2109,9100.0,2295.0,7800000.0,380.0,0.16666666666666666,0,1
52,2026-04-20,First Ceasefire,0,1,0,0,0,15,71.42857142857143,307.19847328244276,99.41698164480349,0,0,0,8,0,8,3125,2117,9100.0,2329.0,7800000.0,380.0,0.16666666666666666,0,1
53,2026-04-21,First Ceasefire,0,0,0,0,0,15,71.42857142857143,307.21374045801525,99.42192247832209,0,0,0,0,0,0,3125,2117,9226.0,2387.0,7800000.0,566.0,0.0,0,0
54,2026-04-22,First Ceasefire,0,2,0,0,0,15,71.42857142857143,307.2290076335878,99.4268633118407,0,0,0,5,0,5,3125,2122,9226.0,2454.0,7800000.0,566.0,0.2857142857142857,0,1
55,2026-04-23,First Ceasefire,0,3,0,0,1,16,76.19047619047619,307.2442748091603,99.43180414535931,0,0,0,4,0,4,3125,2126,9226.0,2294.0,7800000.0,566.0,0.375,0,1
56,2026-04-24,First Ceasefire,1,5,0,0,0,16,76.19047619047619,307.25954198473283,99.43674497887794,0,0,0,6,0,6,3125,2132,9226.0,2491.0,7800000.0,566.0,0.45454545454545453,1,1
57,2026-04-25,First Ceasefire,0,7,0,0,0,16,76.19047619047619,307.2748091603053,99.44168581239656,0,0,0,4,0,4,3125,2136,3375.0,2495.0,3200000.0,207.0,0.5833333333333334,0,1
58,2026-04-26,First Ceasefire,0,6,0,0,0,16,76.19047619047619,307.29007633587787,99.44662664591516,0,0,0,6,1,7,3125,2142,3375.0,2502.0,3200000.0,207.0,0.45454545454545453,0,1
59,2026-04-27,First Ceasefire,0,4,0,0,0,16,76.19047619047619,307.30534351145036,99.45156747943378,0,0,0,14,1,15,3125,2156,3375.0,2521.0,3200000.0,207.0,0.4444444444444444,0,1
60,2026-04-28,First Ceasefire,0,3,0,0,0,16,76.19047619047619,307.3206106870229,99.4565083129524,0,0,0,0,0,0,3125,2156,3375.0,2509.0,3200000.0,207.0,0.375,0,1
61,2026-04-29,First Ceasefire,0,2,0,0,0,16,76.19047619047619,307.3358778625954,99.46144914647101,0,0,0,0,0,0,3125,2156,3375.0,2509.0,3200000.0,207.0,0.2857142857142857,0,1
62,2026-04-30,First Ceasefire,0,4,0,0,1,17,80.95238095238095,307.35114503816794,99.46638997998963,0,0,0,9,0,9,3125,2165,3375.0,2518.0,3200000.0,207.0,0.4444444444444444,0,1
63,2026-05-01,First Ceasefire,0,0,0,0,0,17,80.95238095238095,307.36641221374043,99.47133081350823,0,0,0,0,0,0,3125,2165,3375.0,2534.0,3200000.0,553.0,0.0,0,0
64,2026-05-02,First Ceasefire,0,1,0,0,0,17,80.95238095238095,307.381679389313,99.47627164702686,0,0,0,6,0,6,3125,2171,3468.0,2618.0,3200000.0,553.0,0.16666666666666666,0,1
65,2026-05-03,First Ceasefire,0,3,0,0,0,17,80.95238095238095,307.39694656488547,99.48121248054547,0,0,0,0,0,0,3125,2171,3468.0,2659.0,4200000.0,558.0,0.375,0,1
66,2026-05-04,First Ceasefire,1,6,0,1,0,17,80.95238095238095,307.412213740458,99.48615331406408,0,0,0,37,0,37,3125,2208,3636.0,2696.0,4850000.0,583.0,0.4166666666666667,1,1
67,2026-05-05,First Ceasefire,0,2,0,0,0,17,80.95238095238095,307.42748091603056,99.4910941475827,0,0,0,0,0,0,3125,2208,3636.0,2696.0,4850000.0,583.0,0.2857142857142857,0,1
68,2026-05-06,First Ceasefire,1,1,1,0,0,17,80.95238095238095,307.44274809160305,99.49603498110132,0,0,0,0,0,0,3125,2208,3468.0,2700.0,4850000.0,583.0,0.2857142857142857,1,1
69,2026-05-07,First Ceasefire,0,2,0,0,0,17,80.95238095238095,307.4580152671756,99.50097581461993,0,0,0,31,0,31,3125,2239,3468.0,2727.0,4850000.0,583.0,0.2857142857142857,0,1
70,2026-05-08,First Ceasefire,2,7,2,0,0,17,80.95238095238095,307.4732824427481,99.50591664813854,0,0,0,11,0,11,3125,2250,3468.0,2727.0,4850000.0,585.0,0.5714285714285714,1,1
71,2026-05-09,First Ceasefire,1,2,0,0,0,17,80.95238095238095,307.48854961832063,99.51085748165717,0,0,0,24,0,24,3125,2274,3468.0,2783.0,4850000.0,586.0,0.375,1,1
72,2026-05-10,First Ceasefire,0,5,0,0,0,17,80.95238095238095,307.5038167938931,99.51579831517577,0,0,0,0,0,0,3125,2274,3468.0,2820.0,4250000.0,560.0,0.5,0,1
73,2026-05-11,First Ceasefire,2,1,0,0,1,18,85.71428571428571,307.51908396946567,99.52073914869439,0,0,0,49,0,49,3125,2323,3636.0,2869.0,4400000.0,254.0,0.375,1,1
74,2026-05-12,First Ceasefire,0,4,0,0,0,18,85.71428571428571,307.53435114503816,99.52567998221299,0,0,0,10,0,10,3125,2333,3636.0,2869.0,4400000.0,254.0,0.4444444444444444,0,1
75,2026-05-13,First Ceasefire,1,1,0,1,0,18,85.71428571428571,307.5496183206107,99.53062081573162,0,0,0,0,0,0,3125,2333,3636.0,2869.0,4400000.0,254.0,0.2857142857142857,1,1
76,2026-05-14,First Ceasefire,0,2,0,0,0,18,85.71428571428571,307.5648854961832,99.53556164925023,0,0,0,33,0,33,3125,2366,3636.0,2915.0,4400000.0,254.0,0.2857142857142857,0,1
77,2026-05-15,First Ceasefire,1,0,0,0,0,18,85.71428571428571,307.58015267175574,99.54050248276886,0,0,0,0,0,0,3125,2366,3636.0,2908.0,4400000.0,254.0,0.16666666666666666,1,1
78,2026-05-16,First Ceasefire,0,0,0,0,0,18,85.71428571428571,307.59541984732823,99.54544331628745,0,0,0,0,0,0,3125,2366,3636.0,2869.0,4400000.0,254.0,0.0,0,0
79,2026-05-17,First Ceasefire,2,3,0,1,0,18,85.71428571428571,307.6106870229008,99.55038414980608,0,0,0,5,0,5,3125,2371,3636.0,2901.0,4600000.0,254.0,0.5,1,1
80,2026-05-18,First Ceasefire,2,1,0,1,0,18,85.71428571428571,307.62595419847327,99.55532498332468,0,0,0,2,0,2,3125,2373,3636.0,3020.0,4600000.0,465.0,0.375,1,1
81,2026-05-19,First Ceasefire,2,2,0,1,0,18,85.71428571428571,307.6412213740458,99.56026581684331,0,0,0,0,0,0,3125,2373,3636.0,3020.0,4600000.0,465.0,0.4444444444444444,1,1
82,2026-05-20,First Ceasefire,1,0,0,1,0,18,85.71428571428571,307.6564885496183,99.56520665036192,0,0,0,0,0,0,3125,2373,3636.0,3020.0,4600000.0,465.0,0.16666666666666666,1,1
83,2026-05-21,First Ceasefire,0,0,0,0,0,18,85.71428571428571,307.67175572519085,99.57014748388053,0,0,0,31,0,31,3125,2404,3636.0,3073.0,4600000.0,465.0,0.0,0,0
84,2026-05-22,First Ceasefire,1,0,0,1,0,18,85.71428571428571,307.68702290076334,99.57508831739914,0,0,0,2,0,2,3125,2406,3636.0,3075.0,4600000.0,587.0,0.16666666666666666,1,1
85,2026-05-23,First Ceasefire,2,2,0,0,0,18,85.71428571428571,307.7022900763359,99.58002915091777,0,0,0,0,1,1,3125,2406,3636.0,3075.0,4600000.0,587.0,0.4444444444444444,1,1
86,2026-05-24,First Ceasefire,0,3,0,0,0,18,85.71428571428571,307.7175572519084,99.58496998443637,0,0,0,0,0,0,3125,2406,3636.0,3075.0,4600000.0,587.0,0.25,0,1
87,2026-05-25,First Ceasefire,4,4,0,4,0,18,85.71428571428571,307.7328244274809,99.58991081795499,0,0,0,110,0,110,3125,2516,3636.0,3185.0,4600000.0,586.0,0.625,1,1
88,2026-05-26,First Ceasefire,1,2,0,1,0,18,85.71428571428571,307.7480916030534,99.59485165147359,0,3,0,34,0,37,3128,2550,3468.0,3185.0,1100000.0,200.0,0.25,1,1
89,2026-05-27,First Ceasefire,1,4,0,1,0,18,85.71428571428571,307.76335877862596,99.59979248499222,0,0,0,31,0,31,3128,2581,3468.0,3269.0,1200000.0,200.0,0.36363636363636365,1,1
90,2026-05-28,First Ceasefire,2,3,0,2,0,18,85.71428571428571,307.77862595419845,99.60473331851082,0,0,0,3,1,4,3128,2584,3468.0,3269.0,1200000.0,200.0,0.5714285714285714,1,1
91,2026-05-29,First Ceasefire,0,0,0,0,0,18,85.71428571428571,307.793893129771,99.60967415202944,0,0,0,16,0,16,3128,2600,3468.0,3269.0,1200000.0,200.0,0.0,0,0
92,2026-05-30,First Ceasefire,1,1,0,1,0,18,85.71428571428571,307.80916030534354,99.61461498554807,0,0,0,31,1,32,3128,2631,3468.0,3300.0,1200000.0,200.0,0.4444444444444444,1,1
93,2026-05-31,First Ceasefire,1,2,0,1,0,18,85.71428571428571,307.82442748091603,99.61955581906668,0,0,0,112,0,112,3128,2743,3468.0,3412.0,1200000.0,200.0,0.4,1,1
94,2026-06-01,First Ceasefire,0,3,0,0,1,19,90.47619047619048,307.8396946564886,99.6244966525853,0,0,0,0,0,0,3128,2743,3468.0,3412.0,1200000.0,200.0,0.375,0,1
95,2026-06-02,First Ceasefire,2,1,0,1,0,19,90.47619047619048,307.85496183206106,99.6294374861039,0,0,0,21,0,21,3128,2764,3468.0,3433.0,1200000.0,200.0,0.375,1,1
96,2026-06-03,First Ceasefire,2,3,1,1,0,19,90.47619047619048,307.8702290076336,99.63437831962253,0,0,0,5,0,5,3128,2769,3468.0,3473.0,1200000.0,200.0,0.4,1,1
97,2026-06-04,First Ceasefire,1,2,0,0,0,19,90.47619047619048,307.8854961832061,99.63931915314113,0,0,0,0,0,0,3128,2769,3468.0,3473.0,1200000.0,200.0,0.25,1,1
98,2026-06-05,First Ceasefire,2,3,0,2,0,19,90.47619047619048,307.90076335877865,99.64425998665975,0,0,0,0,0,0,3128,2769,3468.0,3473.0,1200000.0,200.0,0.5,1,1
99,2026-06-06,First Ceasefire,0,2,0,0,0,19,90.47619047619048,307.91603053435114,99.64920082017835,0,0,0,3,0,3,3128,2772,3468.0,3593.0,1200000.0,200.0,0.2857142857142857,0,1
100,2026-06-07,First Ceasefire,1,0,0,0,0,19,90.47619047619048,307.9312977099237,99.65414165369698,0,0,0,0,0,0,3128,2772,3468.0,3593.0,1200000.0,200.0,0.16666666666666666,1,1
101,2026-06-08,First Ceasefire,2,1,1,0,0,19,90.47619047619048,307.9465648854962,99.6590824872156,0,0,0,0,2,2,3128,2772,3468.0,3593.0,1200000.0,200.0,0.4444444444444444,1,1
102,2026-06-09,First Ceasefire,1,1,0,1,0,19,90.47619047619048,307.9618320610687,99.66402332073422,0,0,0,0,0,0,3128,2772,3468.0,3593.0,1200000.0,200.0,0.4444444444444444,1,1
103,2026-06-10,First Ceasefire,2,4,1,0,0,19,90.47619047619048,307.9770992366412,99.66896415425282,0,0,0,0,0,0,3128,2772,3468.0,3593.0,1200000.0,200.0,0.38461538461538464,1,1
104,2026-06-11,First Ceasefire,1,1,1,0,0,19,90.47619047619048,307.99236641221376,99.67390498777144,0,0,0,0,0,0,3128,2772,3468.0,3696.0,1200000.0,200.0,0.4444444444444444,1,1
105,2026-06-12,First Ceasefire,0,1,0,0,0,19,90.47619047619048,308.00763358778624,99.67884582129005,0,0,0,0,0,0,3128,2772,3468.0,3696.0,1200000.0,200.0,0.16666666666666666,0,1
106,2026-06-13,First Ceasefire,0,1,0,0,0,19,90.47619047619048,308.0229007633588,99.68378665480867,0,0,0,0,0,0,3128,2772,3468.0,3756.0,1200000.0,200.0,0.16666666666666666,0,1
107,2026-06-14,First Ceasefire,1,1,0,0,0,19,90.47619047619048,308.0381679389313,99.68872748832727,0,0,0,3,0,3,3128,2775,3468.0,3783.0,1200000.0,200.0,0.2857142857142857,1,1
108,2026-06-15,First Ceasefire,0,0,0,0,0,19,90.47619047619048,308.0534351145038,99.69366832184589,0,0,0,0,0,0,3128,2775,3468.0,3783.0,1200000.0,200.0,0.0,0,0
109,2026-06-16,First Ceasefire,0,1,0,0,0,19,90.47619047619048,308.0687022900763,99.69860915536451,0,0,0,14,0,14,3128,2789,3468.0,3783.0,1200000.0,288.0,0.16666666666666666,0,1
110,2026-06-17,First Ceasefire,1,1,0,0,0,19,90.47619047619048,308.08396946564886,99.70354998888313,0,0,0,4,0,4,3128,2793,3468.0,3783.0,1200000.0,376.0,0.2857142857142857,1,1
111,2026-06-18,First Ceasefire,0,0,0,0,0,19,90.47619047619048,308.09923664122135,99.70849082240173,0,0,0,6,0,6,3128,2799,3468.0,3801.0,1200000.0,376.0,0.0,0,0
112,2026-06-19,First Ceasefire,0,2,0,0,0,19,90.47619047619048,308.1145038167939,99.71343165592036,0,0,0,47,4,51,3128,2846,3468.0,3819.0,1200000.0,376.0,0.2857142857142857,0,1
113,2026-06-20,First Ceasefire,0,2,0,0,0,19,90.47619047619048,308.1297709923664,99.71837248943896,0,0,0,7,0,7,3128,2853,3468.0,3837.0,1200000.0,376.0,0.2857142857142857,0,1
114,2026-06-21,First Ceasefire,0,0,0,0,0,19,90.47619047619048,308.14503816793894,99.7233133229576,0,0,0,0,0,0,3128,2853,3468.0,3904.6,1200000.0,376.0,0.0,0,0
115,2026-06-22,First Ceasefire,0,0,0,0,0,19,90.47619047619048,308.1603053435114,99.7282541564762,0,0,0,0,0,0,3128,2853,3468.0,3972.2,1200000.0,376.0,0.0,0,0
116,2026-06-23,First Ceasefire,0,0,0,0,0,19,90.47619047619048,308.17557251908397,99.73319498999481,0,0,0,0,0,0,3128,2853,3468.0,4039.8,1200000.0,376.0,0.0,0,0
117,2026-06-24,First Ceasefire,0,0,0,0,0,19,90.47619047619048,308.19083969465646,99.73813582351342,0,0,0,0,0,0,3128,2853,3468.0,4107.4,1200000.0,376.0,0.0,0,0
118,2026-06-25,First Ceasefire,0,3,0,0,0,19,90.47619047619048,308.206106870229,99.74307665703205,0,0,0,2,0,2,3128,2855,3468.0,4175.0,1200000.0,376.0,0.375,0,1
119,2026-06-26,First Ceasefire,2,0,0,1,0,19,90.47619047619048,308.22137404580155,99.74801749055067,0,0,0,1,0,1,3128,2856,3468.0,4175.6,1200000.0,376.0,0.125,1,1
120,2026-06-27,First Ceasefire,2,1,1,0,0,19,90.47619047619048,308.23664122137404,99.75295832406927,0,0,0,1,0,1,3128,2857,3468.0,4176.2,1200000.0,376.0,0.5454545454545454,1,1
121,2026-06-28,First Ceasefire,0,1,0,0,0,19,90.47619047619048,308.2519083969466,99.7578991575879,0,0,0,1,0,1,3128,2858,3468.0,4176.8,1200000.0,376.0,0.16666666666666666,0,1
122,2026-06-29,First Ceasefire,0,0,0,0,0,19,90.47619047619048,308.2671755725191,99.7628399911065,0,0,0,0,0,0,3128,2858,3468.0,4177.4,1200000.0,376.0,0.0,0,0
123,2026-06-30,First Ceasefire,0,0,0,0,0,19,90.47619047619048,308.2824427480916,99.76778082462512,0,0,0,0,0,0,3128,2858,3468.0,4178.0,1200000.0,376.0,0.0,0,0
124,2026-07-01,First Ceasefire,0,0,0,0,0,19,90.47619047619048,308.2977099236641,99.77272165814372,0,0,0,0,0,0,3128,2858,3468.0,4198.5,1200000.0,376.0,0.0,0,0
125,2026-07-02,First Ceasefire,0,0,0,0,0,19,90.47619047619048,308.31297709923666,99.77766249166235,0,0,0,41,0,41,3128,2899,3468.0,4219.0,1200000.0,376.0,0.0,0,0
126,2026-07-03,First Ceasefire,0,1,0,0,0,19,90.47619047619048,308.32824427480915,99.78260332518096,0,0,0,41,0,41,3128,2940,3468.0,4239.5,1200000.0,376.0,0.16666666666666666,0,1
127,2026-07-04,First Ceasefire,0,0,0,0,0,19,90.47619047619048,308.3435114503817,99.78754415869957,0,0,0,41,0,41,3128,2981,3468.0,4260.0,1200000.0,376.0,0.0,0,0
128,2026-07-05,First Ceasefire,0,0,0,0,0,19,90.47619047619048,308.3587786259542,99.79248499221818,0,0,0,0,0,0,3128,2981,3468.0,4280.5,1200000.0,376.0,0.0,0,0
129,2026-07-06,First Ceasefire,0,0,0,0,0,19,90.47619047619048,308.37404580152673,99.79742582573681,0,0,0,0,0,0,3128,2981,3468.0,4301.0,1200000.0,376.0,0.0,0,0
130,2026-07-07,Resumption,0,2,0,0,0,19,90.47619047619048,308.3893129770992,99.80236665925541,0,0,0,0,0,0,3128,2981,3468.0,4303.5,1200000.0,376.0,0.2857142857142857,0,1
131,2026-07-08,Resumption,9,4,2,7,0,19,90.47619047619048,308.40458015267177,99.80730749277403,1,8,0,1,0,10,3137,2982,3468.0,4306.0,1200000.0,376.0,0.6521739130434783,1,1
132,2026-07-09,Resumption,1,0,0,1,0,19,90.47619047619048,308.41984732824426,99.81224832629263,0,3,0,0,0,3,3140,2982,3468.0,4308.5,1200000.0,376.0,0.4444444444444444,1,1
133,2026-07-10,Resumption,0,0,0,0,0,19,90.47619047619048,308.4351145038168,99.81718915981126,0,0,0,0,0,0,3140,2982,3468.0,4311.0,1200000.0,376.0,0.0,0,0
134,2026-07-11,Resumption,0,0,0,0,0,19,90.47619047619048,308.4503816793893,99.82212999332987,0,0,0,0,0,0,3140,2982,3468.0,4313.5,1200000.0,376.0,0.0,0,0
135,2026-07-12,Resumption,4,8,1,3,0,19,90.47619047619048,308.46564885496184,99.82707082684848,2,0,0,0,0,2,3142,2982,3468.0,4316.0,1200000.0,376.0,0.6,1,1
136,2026-07-13,Resumption,7,7,1,6,0,19,90.47619047619048,308.48091603053433,99.83201166036709,2,0,0,0,0,2,3144,2982,3468.0,4318.5,1200000.0,376.0,0.625,1,1
137,2026-07-14,Resumption,7,2,4,3,0,19,90.47619047619048,308.4961832061069,99.83695249388572,1,0,0,0,0,1,3145,2982,3468.0,4321.0,1200000.0,376.0,0.5238095238095238,1,1
138,2026-07-15,Resumption,2,0,1,1,0,19,90.47619047619048,308.51145038167937,99.84189332740432,0,0,0,0,0,0,3145,2982,3468.0,4321.0,1200000.0,376.0,0.6428571428571429,1,1
139,2026-07-16,Resumption,1,0,1,0,0,19,90.47619047619048,308.5267175572519,99.84683416092295,0,0,0,0,0,0,3145,2982,3468.0,4321.0,1200000.0,376.0,0.6153846153846154,1,1
140,2026-07-17,Resumption,6,5,2,3,2,21,100.0,308.5419847328244,99.85177499444156,8,0,3,0,0,11,3153,2982,3468.0,4321.0,1200000.0,376.0,0.5517241379310345,1,1
141,2026-07-18,Resumption,2,2,1,1,0,21,100.0,308.55725190839695,99.85671582796017,0,0,1,0,0,1,3153,2982,3468.0,4321.0,1200000.0,376.0,0.06666666666666667,1,1
142,2026-07-19,Resumption,1,0,0,0,0,21,100.0,308.57251908396944,99.86165666147879,0,0,0,0,0,0,3153,2982,3468.0,4321.0,1200000.0,376.0,0.16666666666666666,1,1
143,2026-07-20,Resumption,2,0,2,0,0,21,100.0,308.587786259542,99.86659749499741,0,0,0,0,0,0,3153,2982,3468.0,4321.0,1200000.0,376.0,0.5,1,1
144,2026-07-21,Resumption,2,0,2,0,0,21,100.0,308.60305343511453,99.87153832851602,0,0,0,0,0,0,3153,2982,3468.0,4321.0,1200000.0,376.0,0.5,1,1
145,2026-07-22,Resumption,3,1,2,1,0,21,100.0,308.618320610687,99.87647916203463,2,0,0,0,0,2,3155,2982,3468.0,4321.0,1200000.0,376.0,0.5,1,1
146,2026-07-23,Resumption,4,2,2,2,0,21,100.0,308.63358778625957,99.88141999555326,0,4,0,0,0,4,3159,2982,3468.0,4321.0,1200000.0,376.0,0.4166666666666667,1,1
147,2026-07-24,Resumption,1,2,0,0,0,21,100.0,308.64885496183206,99.88636082907186,0,0,0,0,0,0,3159,2982,3510.0,4315.0,1200000.0,376.0,0.25,1,1
148,2026-07-25,Resumption,0,2,0,0,0,21,100.0,308.6641221374046,99.89130166259048,1,0,0,0,0,1,3160,2982,3552.0,4309.0,1200000.0,376.0,0.2857142857142857,0,1
149,2026-07-26,Resumption,0,0,0,0,0,21,100.0,308.6793893129771,99.8962424961091,0,0,0,0,0,0,3160,2982,3594.0,4303.0,1200000.0,376.0,0.0,0,0
150,2026-07-27,Resumption,0,0,0,0,0,21,100.0,308.69465648854964,99.90118332962771,0,0,0,0,0,0,3160,2982,3636.0,4297.0,1200000.0,376.0,0.0,0,0
151,2026-07-28,Resumption,0,1,0,0,0,21,100.0,308.70992366412213,99.90612416314633,0,0,0,0,0,0,3160,2982,3636.0,4297.0,1200000.0,376.0,0.16666666666666666,0,1
152,2026-07-29,Resumption,2,0,0,1,0,21,100.0,308.7251908396947,99.91106499666493,3,3,0,0,0,6,3166,2982,3636.0,4297.0,1200000.0,376.0,0.09090909090909091,1,1
153,2026-07-30,Diplomatic Pause,0,1,0,0,0,21,100.0,308.74045801526717,99.91600583018355,0,0,0,0,0,0,3166,2982,3636.0,4297.0,1200000.0,376.0,0.16666666666666666,0,1
154,2026-07-31,Diplomatic Pause,0,1,0,0,0,21,100.0,308.7557251908397,99.92094666370218,0,0,0,0,0,0,3166,2982,3636.0,4297.0,1200000.0,376.0,0.0,0,1
155,2026-08-01,Diplomatic Pause,0,0,0,0,0,21,100.0,308.7709923664122,99.92588749722078,0,0,0,0,0,0,3166,2982,3636.0,4297.0,1200000.0,376.0,0.0,0,0
156,2026-08-02,Diplomatic Pause,0,0,0,0,0,21,100.0,308.78625954198475,99.9308283307394,0,0,0,0,0,0,3166,2982,3636.0,4297.0,1200000.0,376.0,0.0,0,0
157,2026-08-03,Diplomatic Pause,0,0,0,0,0,21,100.0,308.80152671755724,99.935769164258,0,0,0,0,0,0,3166,2982,3636.0,4297.0,1200000.0,376.0,0.0,0,0
158,2026-08-04,Diplomatic Pause,0,1,0,0,0,21,100.0,308.8167938931298,99.94070999777664,0,0,0,0,0,0,3166,2982,3636.0,4297.0,1200000.0,376.0,0.16666666666666666,0,1
159,2026-08-05,Diplomatic Pause,0,2,0,0,0,21,100.0,308.8320610687023,99.94565083129524,0,0,0,0,0,0,3166,2982,3636.0,4297.0,1200000.0,376.0,0.14285714285714285,0,1
160,2026-08-06,Diplomatic Pause,0,0,0,0,0,21,100.0,308.8473282442748,99.95059166481386,0,0,0,0,0,0,3166,2982,3636.0,4297.0,1200000.0,376.0,0.0,0,0
161,2026-08-07,Diplomatic Pause,0,0,0,0,0,21,100.0,308.8625954198473,99.95553249833246,0,0,0,0,0,0,3166,2982,3636.0,4297.0,1200000.0,376.0,0.0,0,0
162,2026-08-08,Diplomatic Pause,0,2,0,0,0,21,100.0,308.87786259541986,99.96047333185109,0,0,0,0,0,0,3166,2982,3636.0,4297.0,1200000.0,376.0,0.2857142857142857,0,1
163,2026-08-09,Diplomatic Pause,0,0,0,0,0,21,100.0,308.89312977099235,99.9654141653697,0,0,0,0,0,0,3166,2982,3636.0,4297.0,1200000.0,376.0,0.0,0,0
164,2026-08-10,Diplomatic Pause,0,0,0,0,0,21,100.0,308.9083969465649,99.97035499888831,0,0,0,0,0,0,3166,2982,3636.0,4298.571428571428,1200000.0,376.42857142857144,0.0,0,0
165,2026-08-11,Diplomatic Pause,0,0,0,0,0,21,100.0,308.9236641221374,99.97529583240691,0,0,0,0,0,0,3166,2982,3636.0,4300.142857142857,1200000.0,376.85714285714283,0.0,0,0
166,2026-08-12,Diplomatic Pause,0,0,0,0,0,21,100.0,308.9389312977099,99.98023666592555,0,0,0,0,0,0,3166,2982,3636.0,4301.714285714285,1200000.0,377.2857142857143,0.0,0,0
167,2026-08-13,Diplomatic Pause,0,2,0,0,0,21,100.0,308.9541984732824,99.98517749944415,0,0,0,0,0,0,3166,2982,3636.0,4303.285714285715,1200000.0,377.7142857142857,0.2857142857142857,0,1
168,2026-08-14,Diplomatic Pause,0,2,0,0,0,21,100.0,308.96946564885496,99.99011833296277,0,0,0,0,0,0,3166,2982,3636.0,4304.857142857143,1200000.0,378.14285714285717,0.2857142857142857,0,1
169,2026-08-15,Diplomatic Pause,0,0,0,0,0,21,100.0,308.98473282442745,99.99505916648137,0,0,0,11,0,11,3166,2993,3636.0,4306.428571428572,1200000.0,378.57142857142856,0.0,0,0
170,2026-08-16,Diplomatic Pause,0,1,0,0,0,21,100.0,309.0,100.0,0,0,0,0,0,0,3166,2993,3636.0,4308.0,1200000.0,379.0,0.16666666666666666,0,1
