null,draw,k_selected,bic_gain_selected,bic_gain_k6
shuffle,0,1,0.0,-8.74
shuffle,1,6,12.881,12.881
shuffle,2,5,10.692,9.588
shuffle,3,1,0.0,-2.049
shuffle,4,3,1.012,-2.965
shuffle,5,4,5.558,-0.696
shuffle,6,5,3.919,1.955
shuffle,7,1,0.0,-8.359
shuffle,8,6,7.911,7.911
shuffle,9,1,0.0,-6.336
shuffle,10,4,6.33,3.88
shuffle,11,5,9.951,9.737
shuffle,12,2,6.187,-0.679
shuffle,13,3,1.56,-4.479
shuffle,14,1,0.0,-5.422
shuffle,15,3,3.362,-1.827
shuffle,16,1,0.0,-8.545
shuffle,17,5,24.612,24.137
shuffle,18,4,2.777,1.94
shuffle,19,5,14.966,11.299
shuffle,20,3,0.408,-5.088
shuffle,21,2,10.024,1.877
shuffle,22,1,0.0,-5.22
shuffle,23,1,0.0,-9.686
shuffle,24,1,0.0,-6.863
shuffle,25,3,12.122,8.478
shuffle,26,2,1.368,-7.329
shuffle,27,1,0.0,-7.282
shuffle,28,2,1.278,-9.247
shuffle,29,5,12.985,9.863
shuffle,30,1,0.0,-4.393
shuffle,31,3,0.036,-2.912
shuffle,32,6,5.368,5.368
shuffle,33,3,3.922,-4.762
shuffle,34,1,0.0,-6.666
shuffle,35,5,10.85,9.907
shuffle,36,3,4.61,2.397
shuffle,37,2,0.346,-3.76
shuffle,38,3,0.342,-6.107
shuffle,39,3,5.406,2.018
shuffle,40,1,0.0,-9.628
shuffle,41,2,4.342,-0.054
shuffle,42,5,0.276,-1.405
shuffle,43,2,1.242,-5.089
shuffle,44,3,7.15,0.429
shuffle,45,3,3.014,-0.658
shuffle,46,1,0.0,-4.756
shuffle,47,5,0.218,-0.106
shuffle,48,1,0.0,-6.929
shuffle,49,1,0.0,-10.582
shuffle,50,3,0.357,-5.256
shuffle,51,1,0.0,-1.771
shuffle,52,3,3.441,-1.224
shuffle,53,3,0.663,-4.565
shuffle,54,3,4.324,-2.749
shuffle,55,1,0.0,-6.448
shuffle,56,3,1.666,-5.519
shuffle,57,1,0.0,-9.231
shuffle,58,5,10.782,10.364
shuffle,59,2,0.423,-3.974
shuffle,60,6,12.511,12.511
shuffle,61,1,0.0,-3.897
shuffle,62,1,0.0,-11.159
shuffle,63,3,9.722,4.231
shuffle,64,3,1.632,-3.093
shuffle,65,3,6.784,1.319
shuffle,66,3,2.161,-4.678
shuffle,67,5,18.849,17.282
shuffle,68,3,5.659,-0.372
shuffle,69,2,4.075,-0.018
shuffle,70,1,0.0,-6.313
shuffle,71,3,1.83,-5.103
shuffle,72,3,3.485,-1.677
shuffle,73,3,2.969,-0.581
shuffle,74,2,4.576,-1.184
shuffle,75,1,0.0,-6.445
shuffle,76,1,0.0,-3.589
shuffle,77,2,1.24,-5.289
shuffle,78,3,1.849,-4.406
shuffle,79,1,0.0,-8.098
shuffle,80,5,2.804,1.09
shuffle,81,5,8.204,5.804
shuffle,82,5,4.539,2.647
shuffle,83,1,0.0,-6.26
shuffle,84,1,0.0,-8.95
shuffle,85,3,18.784,12.641
shuffle,86,5,1.671,-0.79
shuffle,87,5,1.486,-0.818
shuffle,88,6,5.443,5.443
shuffle,89,3,1.222,-2.014
shuffle,90,5,1.555,-0.265
shuffle,91,5,3.369,1.502
shuffle,92,2,0.315,-5.834
shuffle,93,1,0.0,-7.145
shuffle,94,5,10.709,8.195
shuffle,95,1,0.0,-5.605
shuffle,96,5,14.002,12.066
shuffle,97,1,0.0,-4.099
shuffle,98,3,1.715,-0.157
shuffle,99,3,8.149,4.501
shuffle,100,3,9.079,1.104
shuffle,101,2,1.122,-6.08
shuffle,102,3,3.351,0.597
shuffle,103,3,3.816,-2.296
shuffle,104,3,6.517,-0.099
shuffle,105,5,9.102,6.498
shuffle,106,1,0.0,-9.985
shuffle,107,5,0.314,-0.633
shuffle,108,6,8.123,8.123
shuffle,109,3,1.055,-6.956
shuffle,110,5,6.002,4.069
shuffle,111,1,0.0,-6.57
shuffle,112,1,0.0,-7.175
shuffle,113,6,8.26,8.26
shuffle,114,3,0.813,-4.965
shuffle,115,1,0.0,-11.143
shuffle,116,6,22.189,22.189
shuffle,117,3,2.402,-2.566
shuffle,118,3,0.304,-0.551
shuffle,119,3,0.157,-4.157
shuffle,120,1,0.0,-12.985
shuffle,121,3,3.21,1.015
shuffle,122,4,2.053,0.647
shuffle,123,5,0.91,-0.602
shuffle,124,3,4.377,-0.336
shuffle,125,3,3.823,-1.798
shuffle,126,5,11.6,11.136
shuffle,127,2,5.395,0.522
shuffle,128,5,7.456,6.027
shuffle,129,5,11.301,9.34
shuffle,130,1,0.0,-7.275
shuffle,131,1,0.0,-4.68
shuffle,132,5,4.426,2.789
shuffle,133,4,1.236,-0.21
shuffle,134,2,6.206,-3.138
shuffle,135,3,3.103,0.547
shuffle,136,4,12.794,11.435
shuffle,137,1,0.0,-3.433
shuffle,138,5,13.276,10.842
shuffle,139,3,13.496,8.762
shuffle,140,3,2.857,-0.213
shuffle,141,2,11.229,4.146
shuffle,142,1,0.0,-11.638
shuffle,143,4,8.562,5.104
shuffle,144,3,0.824,-5.05
shuffle,145,3,1.918,-3.658
shuffle,146,1,0.0,-6.566
shuffle,147,1,0.0,-4.135
shuffle,148,1,0.0,-9.635
shuffle,149,2,1.24,-5.467
shuffle,150,5,4.641,2.635
shuffle,151,3,1.639,-6.817
shuffle,152,3,25.148,20.05
shuffle,153,1,0.0,-8.027
shuffle,154,2,3.307,-3.819
shuffle,155,1,0.0,-6.356
shuffle,156,1,0.0,-6.763
shuffle,157,5,6.443,6.297
shuffle,158,3,0.442,-7.701
shuffle,159,3,0.068,-4.568
shuffle,160,3,2.01,-4.121
shuffle,161,4,0.007,-3.331
shuffle,162,3,3.087,0.178
shuffle,163,1,0.0,-5.275
shuffle,164,1,0.0,-2.753
shuffle,165,5,13.333,10.816
shuffle,166,3,3.702,-0.965
shuffle,167,5,16.944,16.207
shuffle,168,5,6.784,3.911
shuffle,169,1,0.0,-5.811
shuffle,170,5,2.657,0.236
shuffle,171,3,10.512,4.792
shuffle,172,1,0.0,-10.605
shuffle,173,3,7.957,1.187
shuffle,174,3,1.703,-1.16
shuffle,175,5,4.496,4.067
shuffle,176,5,12.911,11.933
shuffle,177,5,14.003,13.421
shuffle,178,1,0.0,-8.895
shuffle,179,1,0.0,-10.58
shuffle,180,1,0.0,-0.506
shuffle,181,5,13.34,9.795
shuffle,182,4,16.578,11.074
shuffle,183,1,0.0,-3.304
shuffle,184,3,11.383,2.989
shuffle,185,3,4.87,-0.127
shuffle,186,1,0.0,-7.517
shuffle,187,5,3.642,2.339
shuffle,188,1,0.0,-6.68
shuffle,189,3,1.713,-1.046
shuffle,190,5,5.92,3.406
shuffle,191,3,1.77,-2.286
shuffle,192,6,20.622,20.622
shuffle,193,4,8.408,6.65
shuffle,194,1,0.0,-5.478
shuffle,195,3,0.694,-4.343
shuffle,196,4,4.352,2.098
shuffle,197,3,4.309,-0.397
shuffle,198,5,5.815,2.766
shuffle,199,1,0.0,-11.866
shuffle,200,3,19.463,14.633
shuffle,201,2,0.012,-3.799
shuffle,202,4,9.21,8.379
shuffle,203,2,1.708,-5.576
shuffle,204,2,1.522,-7.39
shuffle,205,3,0.614,-2.773
shuffle,206,1,0.0,-7.871
shuffle,207,1,0.0,-7.088
shuffle,208,1,0.0,-5.846
shuffle,209,3,0.546,-1.953
shuffle,210,2,5.686,-3.177
shuffle,211,2,2.478,-0.259
shuffle,212,3,1.085,-4.075
shuffle,213,3,1.982,-1.296
shuffle,214,4,15.668,15.503
shuffle,215,5,6.742,4.835
shuffle,216,1,0.0,-3.627
shuffle,217,3,6.16,-0.775
shuffle,218,1,0.0,-4.552
shuffle,219,3,10.184,7.87
shuffle,220,3,5.188,-1.347
shuffle,221,5,16.864,16.794
shuffle,222,2,0.833,-5.482
shuffle,223,1,0.0,-8.395
shuffle,224,3,1.976,-2.767
shuffle,225,3,6.029,3.096
shuffle,226,5,9.174,6.768
shuffle,227,3,6.046,4.097
shuffle,228,1,0.0,-9.297
shuffle,229,1,0.0,-10.114
shuffle,230,1,0.0,-5.756
shuffle,231,6,7.757,7.757
shuffle,232,3,9.083,4.546
shuffle,233,5,5.177,4.787
shuffle,234,3,9.446,6.59
shuffle,235,1,0.0,-8.842
shuffle,236,1,0.0,-9.861
shuffle,237,1,0.0,-8.877
shuffle,238,2,2.767,-2.96
shuffle,239,5,19.153,16.311
shuffle,240,4,10.122,4.362
shuffle,241,5,11.939,10.291
shuffle,242,4,11.098,8.324
shuffle,243,3,5.717,-0.076
shuffle,244,5,3.155,1.158
shuffle,245,3,10.826,4.188
shuffle,246,3,6.889,4.599
shuffle,247,5,4.928,3.578
shuffle,248,2,2.478,-2.617
shuffle,249,1,0.0,-12.097
shuffle,250,1,0.0,-9.889
shuffle,251,1,0.0,-6.34
shuffle,252,3,3.075,-1.893
shuffle,253,2,3.181,-1.053
shuffle,254,1,0.0,-6.336
shuffle,255,1,0.0,-7.604
shuffle,256,4,7.026,3.261
shuffle,257,4,4.255,3.228
shuffle,258,5,0.949,-2.404
shuffle,259,1,0.0,-7.695
shuffle,260,6,1.556,1.556
shuffle,261,2,1.207,-1.008
shuffle,262,6,4.259,4.259
shuffle,263,1,0.0,-9.875
shuffle,264,5,7.411,4.015
shuffle,265,3,1.717,-4.765
shuffle,266,3,16.161,14.607
shuffle,267,6,8.076,8.076
shuffle,268,3,2.867,-2.156
shuffle,269,6,7.283,7.283
shuffle,270,2,0.894,-4.492
shuffle,271,1,0.0,-8.48
shuffle,272,5,3.617,2.2
shuffle,273,3,2.546,-4.542
shuffle,274,3,0.095,-4.445
shuffle,275,4,6.017,-0.076
shuffle,276,1,0.0,-4.127
shuffle,277,3,2.706,-1.039
shuffle,278,3,2.244,-3.203
shuffle,279,1,0.0,-6.111
shuffle,280,1,0.0,-8.601
shuffle,281,1,0.0,-9.007
shuffle,282,1,0.0,-6.111
shuffle,283,4,4.059,1.023
shuffle,284,6,5.241,5.241
shuffle,285,3,0.23,-2.937
shuffle,286,3,0.045,-3.125
shuffle,287,5,6.65,5.759
shuffle,288,1,0.0,-12.024
shuffle,289,1,0.0,-4.713
shuffle,290,3,3.892,1.23
shuffle,291,1,0.0,-6.856
shuffle,292,1,0.0,-3.155
shuffle,293,1,0.0,-4.805
shuffle,294,5,3.697,1.128
shuffle,295,1,0.0,-9.562
shuffle,296,1,0.0,-4.185
shuffle,297,4,6.861,4.974
shuffle,298,5,11.12,9.397
shuffle,299,3,0.519,-3.004
shuffle,300,1,0.0,-7.312
shuffle,301,5,7.196,5.743
shuffle,302,3,12.644,8.167
shuffle,303,5,15.156,12.974
shuffle,304,3,1.535,-2.834
shuffle,305,2,0.73,-4.702
shuffle,306,3,8.082,1.498
shuffle,307,3,1.082,-4.395
shuffle,308,2,0.219,-7.165
shuffle,309,4,3.325,0.82
shuffle,310,1,0.0,-4.712
shuffle,311,1,0.0,-7.057
shuffle,312,6,5.275,5.275
shuffle,313,1,0.0,-8.288
shuffle,314,3,1.359,-0.97
shuffle,315,5,7.601,5.702
shuffle,316,3,1.997,-1.986
shuffle,317,1,0.0,-9.26
shuffle,318,3,4.229,1.311
shuffle,319,5,9.247,7.416
shuffle,320,3,1.442,-3.249
shuffle,321,1,0.0,-5.732
shuffle,322,6,5.006,5.006
shuffle,323,3,1.682,1.368
shuffle,324,3,6.799,3.367
shuffle,325,6,24.346,24.346
shuffle,326,1,0.0,-8.257
shuffle,327,4,0.656,-3.939
shuffle,328,3,2.51,-3.406
shuffle,329,6,5.373,5.373
shuffle,330,1,0.0,-5.784
shuffle,331,2,0.196,-3.082
shuffle,332,1,0.0,-4.784
shuffle,333,4,2.031,-0.82
shuffle,334,3,6.855,6.583
shuffle,335,4,10.128,4.604
shuffle,336,3,1.986,-0.503
shuffle,337,4,0.698,-2.03
shuffle,338,2,1.774,-3.636
shuffle,339,5,12.575,11.931
shuffle,340,4,6.916,-0.209
shuffle,341,5,13.881,11.21
shuffle,342,3,2.27,-2.014
shuffle,343,1,0.0,-12.67
shuffle,344,1,0.0,-4.079
shuffle,345,1,0.0,-9.254
shuffle,346,4,6.913,5.663
shuffle,347,1,0.0,-2.395
shuffle,348,1,0.0,-11.061
shuffle,349,3,1.504,-0.574
shuffle,350,5,1.084,-1.349
shuffle,351,3,2.454,-0.907
shuffle,352,1,0.0,-4.24
shuffle,353,3,0.411,-3.866
shuffle,354,6,10.017,10.017
shuffle,355,5,4.533,2.897
shuffle,356,1,0.0,-14.056
shuffle,357,3,3.44,-0.402
shuffle,358,2,0.03,-5.37
shuffle,359,1,0.0,-3.213
shuffle,360,3,1.37,-3.035
shuffle,361,3,0.58,-7.462
shuffle,362,3,5.062,1.528
shuffle,363,1,0.0,-1.877
shuffle,364,3,1.625,-6.544
shuffle,365,5,9.844,8.356
shuffle,366,3,8.285,5.192
shuffle,367,6,7.28,7.28
shuffle,368,1,0.0,-10.383
shuffle,369,5,4.572,2.822
shuffle,370,5,3.546,3.04
shuffle,371,4,1.035,-0.738
shuffle,372,5,2.477,2.455
shuffle,373,3,6.08,2.691
shuffle,374,4,13.286,7.625
shuffle,375,3,6.987,-1.224
shuffle,376,4,5.859,4.987
shuffle,377,2,2.212,1.046
shuffle,378,1,0.0,-5.364
shuffle,379,2,0.4,-5.324
shuffle,380,3,4.314,1.103
shuffle,381,5,19.906,18.147
shuffle,382,6,18.672,18.672
shuffle,383,4,10.561,8.379
shuffle,384,5,8.448,5.209
shuffle,385,1,0.0,-12.716
shuffle,386,6,2.815,2.815
shuffle,387,1,0.0,-5.705
shuffle,388,1,0.0,-9.441
shuffle,389,1,0.0,-7.276
shuffle,390,4,2.321,-1.132
shuffle,391,1,0.0,-9.002
shuffle,392,1,0.0,-10.622
shuffle,393,3,1.992,1.13
shuffle,394,3,1.507,-2.659
shuffle,395,5,4.798,3.804
shuffle,396,5,3.995,2.047
shuffle,397,1,0.0,-9.923
shuffle,398,5,6.745,5.05
shuffle,399,3,4.932,0.41
shuffle,400,1,0.0,-9.707
shuffle,401,4,7.466,4.363
shuffle,402,5,15.123,12.23
shuffle,403,4,18.228,14.488
shuffle,404,2,10.763,5.452
shuffle,405,3,2.722,-2.176
shuffle,406,1,0.0,-13.579
shuffle,407,1,0.0,-3.705
shuffle,408,3,1.207,-6.432
shuffle,409,1,0.0,-10.883
shuffle,410,1,0.0,-5.207
shuffle,411,4,6.806,3.898
shuffle,412,4,7.096,1.905
shuffle,413,3,0.727,-1.702
shuffle,414,1,0.0,-5.644
shuffle,415,1,0.0,-4.066
shuffle,416,1,0.0,-8.096
shuffle,417,1,0.0,-8.078
shuffle,418,4,10.265,10.21
shuffle,419,3,2.817,-2.394
shuffle,420,3,1.16,-0.197
shuffle,421,1,0.0,-5.567
shuffle,422,5,2.054,0.318
shuffle,423,1,0.0,-6.275
shuffle,424,3,15.591,8.704
shuffle,425,1,0.0,-6.465
shuffle,426,1,0.0,-7.03
shuffle,427,5,17.431,16.594
shuffle,428,3,0.414,-4.382
shuffle,429,6,15.498,15.498
shuffle,430,3,6.0,-0.487
shuffle,431,1,0.0,-6.459
shuffle,432,5,2.544,2.132
shuffle,433,2,1.256,-2.519
shuffle,434,3,2.307,-4.765
shuffle,435,1,0.0,-6.867
shuffle,436,1,0.0,-5.246
shuffle,437,5,0.376,-1.484
shuffle,438,3,7.649,4.42
shuffle,439,6,6.37,6.37
shuffle,440,5,7.744,4.11
shuffle,441,4,5.809,4.189
shuffle,442,6,8.333,8.333
shuffle,443,3,28.799,23.698
shuffle,444,1,0.0,-2.324
shuffle,445,3,0.608,-3.409
shuffle,446,3,5.295,-0.448
shuffle,447,4,4.209,-1.135
shuffle,448,2,2.936,-1.588
shuffle,449,5,5.565,3.597
shuffle,450,2,4.618,2.074
shuffle,451,3,7.036,6.406
shuffle,452,1,0.0,-10.356
shuffle,453,2,2.26,-6.519
shuffle,454,1,0.0,-6.761
shuffle,455,4,4.618,2.691
shuffle,456,4,7.088,3.211
shuffle,457,6,10.493,10.493
shuffle,458,1,0.0,-4.268
shuffle,459,2,2.482,-1.765
shuffle,460,4,3.256,0.923
shuffle,461,1,0.0,-11.372
shuffle,462,1,0.0,-11.255
shuffle,463,3,1.007,-1.92
shuffle,464,4,6.497,2.176
shuffle,465,1,0.0,-6.319
shuffle,466,1,0.0,-2.888
shuffle,467,1,0.0,-8.474
shuffle,468,2,8.268,4.776
shuffle,469,3,8.977,4.837
shuffle,470,1,0.0,-7.932
shuffle,471,5,12.148,9.862
shuffle,472,1,0.0,-1.686
shuffle,473,2,0.939,-7.049
shuffle,474,1,0.0,-4.418
shuffle,475,6,8.239,8.239
shuffle,476,3,5.671,1.061
shuffle,477,4,1.108,-3.256
shuffle,478,3,15.694,8.644
shuffle,479,3,1.077,-4.608
shuffle,480,4,33.464,27.656
shuffle,481,3,6.091,1.679
shuffle,482,1,0.0,-9.057
shuffle,483,1,0.0,-12.509
shuffle,484,1,0.0,-7.487
shuffle,485,3,8.375,4.377
shuffle,486,1,0.0,-6.877
shuffle,487,1,0.0,-1.461
shuffle,488,5,11.02,9.774
shuffle,489,1,0.0,-6.605
shuffle,490,6,12.397,12.397
shuffle,491,6,31.543,31.543
shuffle,492,5,4.665,3.919
shuffle,493,3,6.753,1.713
shuffle,494,3,1.74,-6.16
shuffle,495,2,0.966,-4.009
shuffle,496,5,3.683,0.912
shuffle,497,5,20.92,19.347
shuffle,498,5,9.584,8.478
shuffle,499,1,0.0,-6.677
shuffle,500,3,0.469,-3.311
shuffle,501,3,4.651,-1.883
shuffle,502,6,4.635,4.635
shuffle,503,1,0.0,-13.21
shuffle,504,1,0.0,-3.849
shuffle,505,6,4.276,4.276
shuffle,506,1,0.0,-5.503
shuffle,507,6,4.483,4.483
shuffle,508,3,15.307,7.413
shuffle,509,1,0.0,-6.0
shuffle,510,3,1.222,-0.506
shuffle,511,4,4.048,0.004
shuffle,512,3,0.088,-3.522
shuffle,513,3,3.755,-0.989
shuffle,514,3,2.86,1.901
shuffle,515,6,20.05,20.05
shuffle,516,3,2.268,-3.301
shuffle,517,4,5.416,0.697
shuffle,518,1,0.0,-4.975
shuffle,519,1,0.0,-5.745
shuffle,520,2,1.924,-3.267
shuffle,521,5,9.949,6.976
shuffle,522,1,0.0,-13.347
shuffle,523,1,0.0,-9.78
shuffle,524,3,1.164,-3.557
shuffle,525,5,3.746,2.097
shuffle,526,1,0.0,-8.634
shuffle,527,5,3.232,1.85
shuffle,528,3,2.863,-5.75
shuffle,529,6,16.671,16.671
shuffle,530,4,8.66,4.465
shuffle,531,1,0.0,-8.905
shuffle,532,3,3.253,0.269
shuffle,533,2,0.346,-4.821
shuffle,534,6,4.488,4.488
shuffle,535,1,0.0,-11.638
shuffle,536,2,0.759,-4.664
shuffle,537,3,2.948,0.18
shuffle,538,2,0.96,-2.92
shuffle,539,5,7.144,4.28
shuffle,540,3,0.66,-8.961
shuffle,541,4,7.742,2.656
shuffle,542,6,8.724,8.724
shuffle,543,3,4.058,-1.612
shuffle,544,3,0.789,-3.124
shuffle,545,5,14.694,12.972
shuffle,546,1,0.0,-3.6
shuffle,547,1,0.0,-10.034
shuffle,548,6,24.493,24.493
shuffle,549,5,5.405,2.132
shuffle,550,5,4.384,2.639
shuffle,551,1,0.0,-4.493
shuffle,552,1,0.0,-4.931
shuffle,553,1,0.0,-4.98
shuffle,554,3,5.483,2.287
shuffle,555,2,6.206,-1.642
shuffle,556,3,1.593,-0.152
shuffle,557,3,1.955,-2.921
shuffle,558,1,0.0,-3.997
shuffle,559,2,1.898,-2.837
shuffle,560,1,0.0,-5.331
shuffle,561,1,0.0,-7.104
shuffle,562,4,12.739,8.052
shuffle,563,1,0.0,-7.093
shuffle,564,2,1.698,-0.36
shuffle,565,2,0.432,-1.119
shuffle,566,3,6.681,3.194
shuffle,567,6,7.154,7.154
shuffle,568,4,7.462,6.545
shuffle,569,3,2.317,-2.362
shuffle,570,5,15.374,13.473
shuffle,571,3,5.042,-2.257
shuffle,572,3,1.51,-2.822
shuffle,573,5,3.722,1.769
shuffle,574,1,0.0,-5.224
shuffle,575,3,1.406,-3.241
shuffle,576,3,3.37,-0.851
shuffle,577,3,0.213,-5.733
shuffle,578,1,0.0,-6.53
shuffle,579,5,14.833,12.707
shuffle,580,1,0.0,-4.305
shuffle,581,3,7.022,4.523
shuffle,582,1,0.0,-4.248
shuffle,583,1,0.0,-5.774
shuffle,584,5,8.65,5.621
shuffle,585,3,9.216,5.258
shuffle,586,4,10.209,7.299
shuffle,587,1,0.0,-3.131
shuffle,588,5,14.279,11.342
shuffle,589,2,5.122,-1.333
shuffle,590,6,20.261,20.261
shuffle,591,3,3.444,2.647
shuffle,592,2,0.672,-8.044
shuffle,593,5,6.142,4.337
shuffle,594,5,1.899,-1.533
shuffle,595,5,11.729,8.632
shuffle,596,5,8.503,5.797
shuffle,597,4,1.286,-2.817
shuffle,598,3,2.333,-0.716
shuffle,599,2,7.049,2.945
shuffle,600,6,5.573,5.573
shuffle,601,5,7.793,6.827
shuffle,602,5,7.425,5.49
shuffle,603,4,9.278,4.056
shuffle,604,1,0.0,-3.912
shuffle,605,3,5.502,2.801
shuffle,606,4,14.588,13.03
shuffle,607,4,3.46,-0.926
shuffle,608,4,1.997,-1.675
shuffle,609,3,6.065,3.685
shuffle,610,1,0.0,-5.483
shuffle,611,5,14.678,11.82
shuffle,612,3,5.898,1.659
shuffle,613,1,0.0,-4.408
shuffle,614,2,3.16,-4.749
shuffle,615,5,1.917,1.66
shuffle,616,3,3.21,-3.029
shuffle,617,4,3.459,1.166
shuffle,618,3,2.312,-2.786
shuffle,619,5,4.663,1.499
shuffle,620,5,16.957,14.635
shuffle,621,3,2.04,-6.701
shuffle,622,5,2.749,1.498
shuffle,623,4,5.58,3.12
shuffle,624,5,1.943,-0.673
shuffle,625,1,0.0,-7.871
shuffle,626,6,6.128,6.128
shuffle,627,1,0.0,-8.846
shuffle,628,5,6.586,3.428
shuffle,629,5,6.846,4.424
shuffle,630,6,16.919,16.919
shuffle,631,1,0.0,-9.996
shuffle,632,1,0.0,-13.231
shuffle,633,5,5.889,4.266
shuffle,634,1,0.0,-10.049
shuffle,635,6,4.255,4.255
shuffle,636,2,5.882,-2.118
shuffle,637,3,9.19,5.758
shuffle,638,5,4.702,2.407
shuffle,639,4,8.556,6.236
shuffle,640,1,0.0,-4.071
shuffle,641,3,1.363,-0.622
shuffle,642,3,0.362,-7.118
shuffle,643,3,6.248,1.815
shuffle,644,4,5.226,4.509
shuffle,645,1,0.0,-13.618
shuffle,646,5,11.836,11.377
shuffle,647,4,11.593,8.294
shuffle,648,3,6.24,-1.756
shuffle,649,1,0.0,-1.598
shuffle,650,4,14.73,13.991
shuffle,651,3,5.99,-0.417
shuffle,652,3,6.962,2.779
shuffle,653,1,0.0,-6.608
shuffle,654,1,0.0,-8.659
shuffle,655,3,1.697,-5.961
shuffle,656,5,5.528,3.163
shuffle,657,1,0.0,-3.01
shuffle,658,6,7.905,7.905
shuffle,659,4,0.236,-2.82
shuffle,660,3,2.36,-4.157
shuffle,661,1,0.0,-7.036
shuffle,662,3,2.276,-0.271
shuffle,663,2,1.48,-7.071
shuffle,664,3,1.073,0.123
shuffle,665,5,4.282,3.004
shuffle,666,4,2.585,-0.351
shuffle,667,3,2.524,-3.911
shuffle,668,5,3.732,1.842
shuffle,669,1,0.0,-8.107
shuffle,670,5,17.113,15.441
shuffle,671,6,3.189,3.189
shuffle,672,2,2.775,0.428
shuffle,673,5,11.545,10.402
shuffle,674,3,2.096,-2.042
shuffle,675,3,5.002,2.014
shuffle,676,6,7.041,7.041
shuffle,677,1,0.0,-7.866
shuffle,678,3,5.278,1.085
shuffle,679,5,14.004,11.977
shuffle,680,2,5.395,1.284
shuffle,681,4,6.772,5.867
shuffle,682,1,0.0,-1.811
shuffle,683,5,2.552,0.307
shuffle,684,1,0.0,-7.945
shuffle,685,4,1.771,-2.703
shuffle,686,3,3.754,2.062
shuffle,687,2,0.714,-4.868
shuffle,688,5,8.525,8.418
shuffle,689,3,3.801,-0.764
shuffle,690,3,3.313,-3.279
shuffle,691,3,0.735,-1.761
shuffle,692,3,1.684,-2.652
shuffle,693,3,7.688,5.396
shuffle,694,1,0.0,-7.638
shuffle,695,1,0.0,-14.991
shuffle,696,1,0.0,-6.746
shuffle,697,6,24.356,24.356
shuffle,698,6,5.785,5.785
shuffle,699,1,0.0,-9.777
shuffle,700,6,18.867,18.867
shuffle,701,2,0.024,-7.2
shuffle,702,3,1.998,1.705
shuffle,703,2,5.938,1.143
shuffle,704,5,10.84,9.015
shuffle,705,1,0.0,-6.406
shuffle,706,3,3.682,-1.85
shuffle,707,3,1.528,-3.171
shuffle,708,1,0.0,-5.326
shuffle,709,4,6.132,3.694
shuffle,710,6,3.217,3.217
shuffle,711,1,0.0,-7.351
shuffle,712,3,5.924,-0.335
shuffle,713,3,4.446,0.895
shuffle,714,4,10.247,6.789
shuffle,715,1,0.0,-6.669
shuffle,716,4,5.325,3.916
shuffle,717,3,0.452,-4.089
shuffle,718,3,2.363,-2.54
shuffle,719,5,6.1,5.786
shuffle,720,3,2.02,-5.728
shuffle,721,3,2.601,-2.431
shuffle,722,3,0.005,-7.605
shuffle,723,5,7.855,4.685
shuffle,724,1,0.0,-10.767
shuffle,725,4,0.493,-5.449
shuffle,726,5,3.847,2.228
shuffle,727,5,2.313,1.923
shuffle,728,4,8.878,5.909
shuffle,729,5,4.31,1.862
shuffle,730,6,15.344,15.344
shuffle,731,1,0.0,-11.428
shuffle,732,6,16.437,16.437
shuffle,733,4,17.023,15.739
shuffle,734,5,16.199,15.838
shuffle,735,1,0.0,-5.522
shuffle,736,1,0.0,-8.128
shuffle,737,5,0.964,-0.781
shuffle,738,5,11.006,9.361
shuffle,739,5,4.074,3.138
shuffle,740,1,0.0,-4.786
shuffle,741,1,0.0,-4.147
shuffle,742,4,6.267,2.039
shuffle,743,4,4.267,0.393
shuffle,744,3,6.876,0.795
shuffle,745,1,0.0,-8.605
shuffle,746,1,0.0,-7.735
shuffle,747,1,0.0,-6.553
shuffle,748,5,12.592,10.034
shuffle,749,3,6.8,1.762
shuffle,750,1,0.0,-2.418
shuffle,751,5,11.994,11.227
shuffle,752,5,4.84,2.77
shuffle,753,1,0.0,-3.347
shuffle,754,1,0.0,-9.588
shuffle,755,1,0.0,-7.614
shuffle,756,4,5.099,2.53
shuffle,757,5,1.435,-0.411
shuffle,758,1,0.0,-3.147
shuffle,759,1,0.0,-9.637
shuffle,760,1,0.0,-15.392
shuffle,761,1,0.0,-9.346
shuffle,762,3,3.243,0.253
shuffle,763,3,1.738,-0.654
shuffle,764,5,6.159,4.797
shuffle,765,3,12.318,5.613
shuffle,766,1,0.0,-5.719
shuffle,767,3,1.652,-1.598
shuffle,768,4,8.624,4.714
shuffle,769,4,3.58,1.616
shuffle,770,3,2.582,-5.069
shuffle,771,1,0.0,-8.067
shuffle,772,6,2.062,2.062
shuffle,773,5,2.343,0.828
shuffle,774,2,0.556,-4.354
shuffle,775,3,1.879,-5.513
shuffle,776,1,0.0,-5.234
shuffle,777,3,3.001,-4.711
shuffle,778,1,0.0,-8.953
shuffle,779,6,11.848,11.848
shuffle,780,6,11.964,11.964
shuffle,781,3,8.746,5.735
shuffle,782,1,0.0,-7.573
shuffle,783,2,4.332,2.78
shuffle,784,1,0.0,-10.136
shuffle,785,2,2.291,-4.436
shuffle,786,4,2.682,-0.416
shuffle,787,5,7.985,5.978
shuffle,788,3,7.364,4.508
shuffle,789,3,0.15,-4.179
shuffle,790,1,0.0,-13.592
shuffle,791,5,0.153,-1.541
shuffle,792,1,0.0,-4.546
shuffle,793,4,9.35,2.944
shuffle,794,1,0.0,-6.942
shuffle,795,3,6.32,3.059
shuffle,796,3,0.382,-3.89
shuffle,797,1,0.0,-4.448
shuffle,798,6,17.099,17.099
shuffle,799,3,2.181,-0.873
shuffle,800,2,1.835,0.014
shuffle,801,4,19.933,18.346
shuffle,802,6,24.041,24.041
shuffle,803,1,0.0,-3.855
shuffle,804,4,1.144,-0.675
shuffle,805,1,0.0,-7.681
shuffle,806,1,0.0,-10.471
shuffle,807,5,8.955,8.797
shuffle,808,1,0.0,-7.18
shuffle,809,3,4.35,1.781
shuffle,810,4,3.208,0.424
shuffle,811,3,0.001,-2.761
shuffle,812,5,29.506,28.602
shuffle,813,5,0.656,-1.57
shuffle,814,3,3.014,1.362
shuffle,815,3,4.09,1.911
shuffle,816,1,0.0,-8.655
shuffle,817,1,0.0,-3.65
shuffle,818,1,0.0,-5.343
shuffle,819,5,4.105,2.375
shuffle,820,2,0.393,-3.356
shuffle,821,1,0.0,-3.923
shuffle,822,5,0.051,-3.628
shuffle,823,1,0.0,-5.438
shuffle,824,3,0.577,-6.207
shuffle,825,3,5.436,1.288
shuffle,826,5,5.285,3.593
shuffle,827,5,2.75,2.531
shuffle,828,4,9.627,8.402
shuffle,829,3,7.111,1.546
shuffle,830,5,29.943,28.411
shuffle,831,1,0.0,-6.951
shuffle,832,1,0.0,-11.5
shuffle,833,1,0.0,-4.674
shuffle,834,3,9.941,2.147
shuffle,835,5,6.189,3.553
shuffle,836,1,0.0,-4.964
shuffle,837,1,0.0,-14.857
shuffle,838,1,0.0,-9.086
shuffle,839,1,0.0,-3.626
shuffle,840,2,0.468,-7.745
shuffle,841,5,1.073,-2.073
shuffle,842,1,0.0,-8.561
shuffle,843,6,9.587,9.587
shuffle,844,3,4.632,-2.074
shuffle,845,4,11.484,9.494
shuffle,846,3,7.186,3.781
shuffle,847,3,2.56,-2.338
shuffle,848,1,0.0,-9.329
shuffle,849,1,0.0,-7.277
shuffle,850,3,0.34,-1.147
shuffle,851,3,4.652,3.703
shuffle,852,3,2.59,-2.654
shuffle,853,4,5.305,0.485
shuffle,854,3,1.489,0.858
shuffle,855,3,9.466,6.049
shuffle,856,3,31.437,26.583
shuffle,857,3,3.483,-0.197
shuffle,858,3,4.857,1.191
shuffle,859,6,3.96,3.96
shuffle,860,5,5.433,2.917
shuffle,861,3,9.135,5.742
shuffle,862,3,2.976,-0.491
shuffle,863,3,3.47,-1.858
shuffle,864,2,5.57,3.388
shuffle,865,5,7.614,3.855
shuffle,866,3,0.375,-2.584
shuffle,867,3,9.586,6.77
shuffle,868,1,0.0,-9.158
shuffle,869,5,22.974,21.834
shuffle,870,6,0.329,0.329
shuffle,871,2,7.926,3.118
shuffle,872,6,18.869,18.869
shuffle,873,1,0.0,-7.096
shuffle,874,3,1.798,-4.719
shuffle,875,6,8.764,8.764
shuffle,876,3,1.669,-1.635
shuffle,877,3,1.362,-4.065
shuffle,878,2,1.207,-2.587
shuffle,879,3,2.325,-3.551
shuffle,880,1,0.0,-6.251
shuffle,881,2,2.999,-6.879
shuffle,882,2,4.808,-1.018
shuffle,883,1,0.0,-7.066
shuffle,884,5,1.719,0.151
shuffle,885,5,3.409,1.801
shuffle,886,5,3.799,3.587
shuffle,887,1,0.0,-2.546
shuffle,888,3,4.683,2.874
shuffle,889,3,4.705,-0.521
shuffle,890,4,40.231,35.789
shuffle,891,4,16.041,10.422
shuffle,892,2,0.185,-3.456
shuffle,893,5,10.22,8.082
shuffle,894,1,0.0,-9.172
shuffle,895,1,0.0,-9.869
shuffle,896,6,7.392,7.392
shuffle,897,1,0.0,-10.375
shuffle,898,3,1.15,-0.365
shuffle,899,3,0.49,-1.502
shuffle,900,3,3.756,1.752
shuffle,901,6,4.087,4.087
shuffle,902,6,6.799,6.799
shuffle,903,3,5.613,1.476
shuffle,904,3,4.618,0.065
shuffle,905,1,0.0,-4.208
shuffle,906,2,0.535,-3.328
shuffle,907,1,0.0,-8.964
shuffle,908,6,0.7,0.7
shuffle,909,4,1.29,-0.461
shuffle,910,3,1.743,-4.901
shuffle,911,1,0.0,-7.852
shuffle,912,1,0.0,-6.887
shuffle,913,2,5.395,-5.857
shuffle,914,3,0.215,-4.127
shuffle,915,3,6.672,2.705
shuffle,916,1,0.0,-6.322
shuffle,917,4,4.462,3.29
shuffle,918,4,9.089,4.915
shuffle,919,2,1.207,-4.249
shuffle,920,5,0.9,-1.9
shuffle,921,1,0.0,-6.219
shuffle,922,1,0.0,-9.479
shuffle,923,2,2.482,-7.628
shuffle,924,3,10.355,7.054
shuffle,925,3,1.868,-1.917
shuffle,926,6,6.069,6.069
shuffle,927,6,8.36,8.36
shuffle,928,2,1.66,0.481
shuffle,929,5,8.674,6.211
shuffle,930,4,15.005,14.148
shuffle,931,5,5.926,4.074
shuffle,932,5,4.683,2.8
shuffle,933,2,0.612,-10.391
shuffle,934,4,10.161,7.239
shuffle,935,2,1.257,-1.739
shuffle,936,2,4.618,-8.107
shuffle,937,5,9.817,9.24
shuffle,938,5,1.422,0.012
shuffle,939,1,0.0,-7.927
shuffle,940,6,5.011,5.011
shuffle,941,3,4.751,2.243
shuffle,942,3,2.163,-3.269
shuffle,943,3,0.207,-6.749
shuffle,944,3,11.383,6.191
shuffle,945,6,16.573,16.573
shuffle,946,2,1.173,-6.458
shuffle,947,5,8.034,5.812
shuffle,948,3,0.728,-5.422
shuffle,949,1,0.0,-1.65
shuffle,950,3,0.327,-1.257
shuffle,951,3,0.396,-2.089
shuffle,952,2,6.934,3.685
shuffle,953,5,6.389,6.147
shuffle,954,4,2.945,0.65
shuffle,955,3,3.565,0.676
shuffle,956,3,0.195,-5.295
shuffle,957,3,6.985,2.538
shuffle,958,2,6.17,2.894
shuffle,959,3,1.438,-4.551
shuffle,960,1,0.0,-12.282
shuffle,961,6,30.326,30.326
shuffle,962,3,3.768,1.517
shuffle,963,3,1.045,-1.832
shuffle,964,5,1.395,-0.499
shuffle,965,2,1.447,-9.315
shuffle,966,4,4.375,0.812
shuffle,967,1,0.0,-6.742
shuffle,968,1,0.0,-7.174
shuffle,969,2,5.518,-4.272
shuffle,970,1,0.0,-12.133
shuffle,971,5,15.642,13.231
shuffle,972,5,10.422,6.83
shuffle,973,3,1.898,-5.598
shuffle,974,4,0.487,-3.094
shuffle,975,4,2.583,1.324
shuffle,976,4,3.926,0.606
shuffle,977,4,25.74,23.818
shuffle,978,3,1.351,-0.884
shuffle,979,3,0.083,-5.595
shuffle,980,1,0.0,-7.282
shuffle,981,1,0.0,-6.199
shuffle,982,1,0.0,-7.732
shuffle,983,1,0.0,-7.705
shuffle,984,2,1.635,-2.42
shuffle,985,4,6.398,4.104
shuffle,986,5,13.966,12.625
shuffle,987,3,2.077,-4.064
shuffle,988,1,0.0,-16.133
shuffle,989,1,0.0,-8.796
shuffle,990,1,0.0,-2.773
shuffle,991,3,1.926,-3.965
shuffle,992,3,3.145,-0.02
shuffle,993,5,4.918,2.665
shuffle,994,2,3.101,-1.598
shuffle,995,1,0.0,-7.086
shuffle,996,2,0.346,-7.57
shuffle,997,2,11.806,2.96
shuffle,998,1,0.0,-6.308
shuffle,999,3,2.409,-3.123
ar1,0,6,91.495,91.495
ar1,1,6,32.025,32.025
ar1,2,6,81.133,81.133
ar1,3,6,75.699,75.699
ar1,4,6,67.584,67.584
ar1,5,6,140.913,140.913
ar1,6,6,104.716,104.716
ar1,7,6,44.302,44.302
ar1,8,6,64.552,64.552
ar1,9,6,94.048,94.048
ar1,10,6,89.369,89.369
ar1,11,6,60.177,60.177
ar1,12,6,104.256,104.256
ar1,13,6,78.668,78.668
ar1,14,6,50.806,50.806
ar1,15,6,51.901,51.901
ar1,16,6,88.847,88.847
ar1,17,6,33.6,33.6
ar1,18,6,81.682,81.682
ar1,19,6,77.713,77.713
ar1,20,6,55.013,55.013
ar1,21,6,90.753,90.753
ar1,22,6,70.427,70.427
ar1,23,6,48.583,48.583
ar1,24,6,85.856,85.856
ar1,25,6,111.296,111.296
ar1,26,6,62.368,62.368
ar1,27,6,67.937,67.937
ar1,28,6,32.26,32.26
ar1,29,6,66.556,66.556
ar1,30,6,94.061,94.061
ar1,31,6,54.048,54.048
ar1,32,6,53.624,53.624
ar1,33,6,38.236,38.236
ar1,34,6,62.607,62.607
ar1,35,6,30.08,30.08
ar1,36,6,74.925,74.925
ar1,37,6,68.564,68.564
ar1,38,6,59.513,59.513
ar1,39,6,75.31,75.31
ar1,40,6,73.831,73.831
ar1,41,6,68.06,68.06
ar1,42,6,44.808,44.808
ar1,43,6,72.847,72.847
ar1,44,6,97.511,97.511
ar1,45,6,80.519,80.519
ar1,46,6,68.894,68.894
ar1,47,6,67.724,67.724
ar1,48,6,59.032,59.032
ar1,49,6,44.079,44.079
ar1,50,6,57.178,57.178
ar1,51,6,67.762,67.762
ar1,52,6,22.886,22.886
ar1,53,6,63.551,63.551
ar1,54,6,45.445,45.445
ar1,55,6,54.61,54.61
ar1,56,6,91.163,91.163
ar1,57,6,53.342,53.342
ar1,58,6,107.922,107.922
ar1,59,6,54.473,54.473
ar1,60,6,70.755,70.755
ar1,61,6,58.591,58.591
ar1,62,6,92.902,92.902
ar1,63,6,66.119,66.119
ar1,64,6,84.83,84.83
ar1,65,6,56.185,56.185
ar1,66,6,66.537,66.537
ar1,67,6,46.212,46.212
ar1,68,5,63.507,62.919
ar1,69,6,40.059,40.059
ar1,70,6,67.354,67.354
ar1,71,6,47.159,47.159
ar1,72,6,62.334,62.334
ar1,73,6,58.224,58.224
ar1,74,6,103.564,103.564
ar1,75,6,126.375,126.375
ar1,76,6,90.237,90.237
ar1,77,6,66.358,66.358
ar1,78,6,84.293,84.293
ar1,79,6,58.513,58.513
ar1,80,6,95.835,95.835
ar1,81,6,48.576,48.576
ar1,82,6,25.632,25.632
ar1,83,6,75.218,75.218
ar1,84,6,55.368,55.368
ar1,85,6,50.324,50.324
ar1,86,6,72.659,72.659
ar1,87,6,51.803,51.803
ar1,88,6,99.537,99.537
ar1,89,6,120.586,120.586
ar1,90,6,43.542,43.542
ar1,91,6,114.108,114.108
ar1,92,6,71.986,71.986
ar1,93,6,86.242,86.242
ar1,94,6,41.56,41.56
ar1,95,6,101.403,101.403
ar1,96,6,55.871,55.871
ar1,97,6,91.28,91.28
ar1,98,6,92.727,92.727
ar1,99,6,107.249,107.249
ar1,100,6,75.088,75.088
ar1,101,6,65.465,65.465
ar1,102,6,57.169,57.169
ar1,103,6,82.918,82.918
ar1,104,6,64.694,64.694
ar1,105,6,91.456,91.456
ar1,106,6,91.1,91.1
ar1,107,6,87.863,87.863
ar1,108,6,68.679,68.679
ar1,109,6,63.3,63.3
ar1,110,6,106.581,106.581
ar1,111,6,39.42,39.42
ar1,112,6,110.02,110.02
ar1,113,6,46.691,46.691
ar1,114,6,69.808,69.808
ar1,115,6,72.373,72.373
ar1,116,6,56.621,56.621
ar1,117,6,79.06,79.06
ar1,118,6,89.872,89.872
ar1,119,6,74.47,74.47
ar1,120,6,82.294,82.294
ar1,121,6,59.758,59.758
ar1,122,6,70.73,70.73
ar1,123,6,112.448,112.448
ar1,124,6,77.701,77.701
ar1,125,6,59.688,59.688
ar1,126,6,94.015,94.015
ar1,127,6,95.461,95.461
ar1,128,6,79.972,79.972
ar1,129,6,55.78,55.78
ar1,130,5,81.412,80.642
ar1,131,6,40.434,40.434
ar1,132,6,81.461,81.461
ar1,133,6,37.812,37.812
ar1,134,6,77.211,77.211
ar1,135,6,61.55,61.55
ar1,136,6,79.462,79.462
ar1,137,6,43.205,43.205
ar1,138,6,72.95,72.95
ar1,139,6,87.891,87.891
ar1,140,6,85.121,85.121
ar1,141,6,93.591,93.591
ar1,142,6,100.886,100.886
ar1,143,6,88.336,88.336
ar1,144,6,30.721,30.721
ar1,145,6,82.516,82.516
ar1,146,6,57.525,57.525
ar1,147,6,32.572,32.572
ar1,148,6,44.808,44.808
ar1,149,6,50.663,50.663
ar1,150,6,94.859,94.859
ar1,151,6,49.345,49.345
ar1,152,6,79.243,79.243
ar1,153,6,87.859,87.859
ar1,154,6,57.269,57.269
ar1,155,6,51.415,51.415
ar1,156,6,71.655,71.655
ar1,157,6,102.032,102.032
ar1,158,6,59.52,59.52
ar1,159,6,119.096,119.096
ar1,160,6,51.875,51.875
ar1,161,6,39.678,39.678
ar1,162,6,56.879,56.879
ar1,163,6,94.278,94.278
ar1,164,6,64.748,64.748
ar1,165,6,73.726,73.726
ar1,166,6,73.237,73.237
ar1,167,6,72.164,72.164
ar1,168,6,75.679,75.679
ar1,169,6,49.233,49.233
ar1,170,6,72.33,72.33
ar1,171,6,65.352,65.352
ar1,172,6,63.243,63.243
ar1,173,6,100.614,100.614
ar1,174,6,57.838,57.838
ar1,175,6,17.243,17.243
ar1,176,6,35.925,35.925
ar1,177,6,43.451,43.451
ar1,178,6,80.841,80.841
ar1,179,6,45.642,45.642
ar1,180,6,99.104,99.104
ar1,181,6,63.894,63.894
ar1,182,6,88.576,88.576
ar1,183,6,87.803,87.803
ar1,184,6,56.946,56.946
ar1,185,6,87.269,87.269
ar1,186,6,53.729,53.729
ar1,187,6,79.107,79.107
ar1,188,6,62.597,62.597
ar1,189,6,33.58,33.58
ar1,190,5,71.313,70.015
ar1,191,6,52.133,52.133
ar1,192,6,61.679,61.679
ar1,193,6,71.789,71.789
ar1,194,6,59.922,59.922
ar1,195,6,70.169,70.169
ar1,196,6,67.207,67.207
ar1,197,6,93.59,93.59
ar1,198,6,98.952,98.952
ar1,199,6,50.946,50.946
ar1,200,6,60.352,60.352
ar1,201,6,78.616,78.616
ar1,202,6,46.694,46.694
ar1,203,6,53.51,53.51
ar1,204,6,92.969,92.969
ar1,205,6,79.342,79.342
ar1,206,6,88.681,88.681
ar1,207,6,41.257,41.257
ar1,208,6,59.203,59.203
ar1,209,6,71.932,71.932
ar1,210,6,74.475,74.475
ar1,211,6,67.19,67.19
ar1,212,6,57.4,57.4
ar1,213,6,58.743,58.743
ar1,214,6,31.489,31.489
ar1,215,6,49.444,49.444
ar1,216,6,74.47,74.47
ar1,217,6,97.484,97.484
ar1,218,6,47.659,47.659
ar1,219,6,119.175,119.175
ar1,220,6,49.423,49.423
ar1,221,6,67.703,67.703
ar1,222,6,81.712,81.712
ar1,223,6,82.043,82.043
ar1,224,6,52.194,52.194
ar1,225,6,49.211,49.211
ar1,226,6,41.475,41.475
ar1,227,6,28.195,28.195
ar1,228,6,71.112,71.112
ar1,229,6,54.632,54.632
ar1,230,6,83.21,83.21
ar1,231,6,26.905,26.905
ar1,232,6,74.439,74.439
ar1,233,6,72.615,72.615
ar1,234,6,37.68,37.68
ar1,235,6,48.168,48.168
ar1,236,6,59.047,59.047
ar1,237,6,62.452,62.452
ar1,238,6,74.843,74.843
ar1,239,6,59.973,59.973
ar1,240,6,154.336,154.336
ar1,241,6,80.688,80.688
ar1,242,6,51.479,51.479
ar1,243,6,83.657,83.657
ar1,244,6,55.611,55.611
ar1,245,6,21.378,21.378
ar1,246,6,51.787,51.787
ar1,247,6,82.084,82.084
ar1,248,6,55.998,55.998
ar1,249,6,67.695,67.695
ar1,250,6,59.299,59.299
ar1,251,6,40.698,40.698
ar1,252,6,85.305,85.305
ar1,253,6,38.602,38.602
ar1,254,6,60.533,60.533
ar1,255,6,104.178,104.178
ar1,256,6,96.536,96.536
ar1,257,6,92.892,92.892
ar1,258,6,48.957,48.957
ar1,259,6,69.162,69.162
ar1,260,6,59.775,59.775
ar1,261,6,49.131,49.131
ar1,262,6,78.227,78.227
ar1,263,6,42.462,42.462
ar1,264,6,55.719,55.719
ar1,265,6,61.736,61.736
ar1,266,6,89.577,89.577
ar1,267,6,65.915,65.915
ar1,268,6,64.524,64.524
ar1,269,6,70.627,70.627
ar1,270,6,30.513,30.513
ar1,271,6,68.194,68.194
ar1,272,6,85.331,85.331
ar1,273,6,39.152,39.152
ar1,274,6,78.771,78.771
ar1,275,6,73.893,73.893
ar1,276,6,33.034,33.034
ar1,277,6,115.633,115.633
ar1,278,6,96.643,96.643
ar1,279,6,24.779,24.779
ar1,280,6,64.14,64.14
ar1,281,6,53.04,53.04
ar1,282,6,41.382,41.382
ar1,283,6,59.273,59.273
ar1,284,6,53.513,53.513
ar1,285,6,81.103,81.103
ar1,286,6,85.309,85.309
ar1,287,6,48.855,48.855
ar1,288,6,59.232,59.232
ar1,289,6,157.28,157.28
ar1,290,6,82.982,82.982
ar1,291,6,27.718,27.718
ar1,292,6,40.974,40.974
ar1,293,6,68.517,68.517
ar1,294,6,54.63,54.63
ar1,295,6,50.997,50.997
ar1,296,6,57.349,57.349
ar1,297,6,74.501,74.501
ar1,298,6,96.646,96.646
ar1,299,6,52.265,52.265
ar1,300,6,54.884,54.884
ar1,301,6,61.85,61.85
ar1,302,6,64.254,64.254
ar1,303,6,68.85,68.85
ar1,304,6,68.049,68.049
ar1,305,6,45.968,45.968
ar1,306,6,94.313,94.313
ar1,307,6,41.439,41.439
ar1,308,6,92.55,92.55
ar1,309,6,26.372,26.372
ar1,310,6,92.474,92.474
ar1,311,6,83.865,83.865
ar1,312,6,65.592,65.592
ar1,313,6,31.283,31.283
ar1,314,6,89.534,89.534
ar1,315,6,43.33,43.33
ar1,316,6,34.327,34.327
ar1,317,6,46.434,46.434
ar1,318,6,47.583,47.583
ar1,319,6,54.276,54.276
ar1,320,6,72.013,72.013
ar1,321,6,77.11,77.11
ar1,322,6,60.567,60.567
ar1,323,6,66.256,66.256
ar1,324,6,63.941,63.941
ar1,325,6,75.748,75.748
ar1,326,6,85.766,85.766
ar1,327,6,43.86,43.86
ar1,328,6,67.086,67.086
ar1,329,6,90.155,90.155
ar1,330,6,52.985,52.985
ar1,331,6,65.962,65.962
ar1,332,6,82.505,82.505
ar1,333,6,114.295,114.295
ar1,334,6,51.552,51.552
ar1,335,6,109.077,109.077
ar1,336,6,61.488,61.488
ar1,337,5,47.884,47.734
ar1,338,6,62.774,62.774
ar1,339,6,86.199,86.199
ar1,340,6,29.674,29.674
ar1,341,6,61.395,61.395
ar1,342,5,31.107,30.551
ar1,343,6,72.94,72.94
ar1,344,6,48.172,48.172
ar1,345,6,88.203,88.203
ar1,346,6,68.521,68.521
ar1,347,6,41.007,41.007
ar1,348,6,110.03,110.03
ar1,349,6,117.741,117.741
ar1,350,6,52.86,52.86
ar1,351,6,44.115,44.115
ar1,352,6,82.335,82.335
ar1,353,6,138.149,138.149
ar1,354,6,82.607,82.607
ar1,355,6,61.016,61.016
ar1,356,6,79.367,79.367
ar1,357,6,42.598,42.598
ar1,358,6,76.817,76.817
ar1,359,6,48.679,48.679
ar1,360,6,38.213,38.213
ar1,361,6,70.549,70.549
ar1,362,6,68.182,68.182
ar1,363,6,110.405,110.405
ar1,364,6,66.791,66.791
ar1,365,6,48.164,48.164
ar1,366,6,24.761,24.761
ar1,367,6,63.68,63.68
ar1,368,6,48.439,48.439
ar1,369,6,72.74,72.74
ar1,370,6,95.768,95.768
ar1,371,6,38.751,38.751
ar1,372,6,40.723,40.723
ar1,373,6,41.039,41.039
ar1,374,6,61.691,61.691
ar1,375,6,74.699,74.699
ar1,376,6,53.911,53.911
ar1,377,6,35.778,35.778
ar1,378,6,42.01,42.01
ar1,379,6,82.064,82.064
ar1,380,6,42.3,42.3
ar1,381,6,69.085,69.085
ar1,382,6,59.431,59.431
ar1,383,6,37.277,37.277
ar1,384,6,53.991,53.991
ar1,385,6,68.098,68.098
ar1,386,6,53.278,53.278
ar1,387,6,54.584,54.584
ar1,388,6,82.797,82.797
ar1,389,6,88.765,88.765
ar1,390,6,78.383,78.383
ar1,391,6,68.313,68.313
ar1,392,6,83.391,83.391
ar1,393,6,56.015,56.015
ar1,394,6,58.86,58.86
ar1,395,6,78.877,78.877
ar1,396,6,47.735,47.735
ar1,397,6,62.277,62.277
ar1,398,6,61.107,61.107
ar1,399,6,68.679,68.679
ar1,400,6,49.558,49.558
ar1,401,6,113.407,113.407
ar1,402,6,25.314,25.314
ar1,403,6,65.844,65.844
ar1,404,6,53.144,53.144
ar1,405,6,89.784,89.784
ar1,406,6,31.07,31.07
ar1,407,6,30.961,30.961
ar1,408,6,119.717,119.717
ar1,409,6,68.668,68.668
ar1,410,6,51.443,51.443
ar1,411,6,73.005,73.005
ar1,412,6,81.755,81.755
ar1,413,6,66.59,66.59
ar1,414,6,66.469,66.469
ar1,415,6,69.432,69.432
ar1,416,6,35.751,35.751
ar1,417,6,64.694,64.694
ar1,418,6,61.922,61.922
ar1,419,6,56.194,56.194
ar1,420,6,71.138,71.138
ar1,421,6,48.055,48.055
ar1,422,6,88.756,88.756
ar1,423,6,54.833,54.833
ar1,424,6,65.607,65.607
ar1,425,6,45.915,45.915
ar1,426,6,53.091,53.091
ar1,427,6,63.864,63.864
ar1,428,6,71.693,71.693
ar1,429,6,46.48,46.48
ar1,430,6,68.926,68.926
ar1,431,6,78.837,78.837
ar1,432,6,33.382,33.382
ar1,433,6,97.593,97.593
ar1,434,6,66.089,66.089
ar1,435,6,68.505,68.505
ar1,436,6,69.467,69.467
ar1,437,6,81.392,81.392
ar1,438,6,44.048,44.048
ar1,439,6,75.556,75.556
ar1,440,6,93.305,93.305
ar1,441,6,50.708,50.708
ar1,442,6,77.432,77.432
ar1,443,6,50.626,50.626
ar1,444,6,51.377,51.377
ar1,445,6,23.26,23.26
ar1,446,6,57.088,57.088
ar1,447,6,43.197,43.197
ar1,448,6,92.903,92.903
ar1,449,6,53.582,53.582
ar1,450,6,45.828,45.828
ar1,451,6,83.517,83.517
ar1,452,6,81.575,81.575
ar1,453,6,30.474,30.474
ar1,454,6,68.101,68.101
ar1,455,6,56.076,56.076
ar1,456,5,64.566,63.131
ar1,457,6,47.097,47.097
ar1,458,6,59.775,59.775
ar1,459,6,46.985,46.985
ar1,460,6,41.623,41.623
ar1,461,6,74.334,74.334
ar1,462,6,73.87,73.87
ar1,463,6,37.875,37.875
ar1,464,6,35.264,35.264
ar1,465,6,67.179,67.179
ar1,466,6,76.312,76.312
ar1,467,6,85.903,85.903
ar1,468,6,97.983,97.983
ar1,469,6,75.07,75.07
ar1,470,6,81.013,81.013
ar1,471,6,65.287,65.287
ar1,472,6,87.692,87.692
ar1,473,6,62.766,62.766
ar1,474,6,70.461,70.461
ar1,475,6,86.353,86.353
ar1,476,6,62.458,62.458
ar1,477,6,63.835,63.835
ar1,478,6,54.887,54.887
ar1,479,6,57.858,57.858
ar1,480,6,76.493,76.493
ar1,481,6,83.657,83.657
ar1,482,6,76.064,76.064
ar1,483,6,69.107,69.107
ar1,484,6,84.329,84.329
ar1,485,6,68.771,68.771
ar1,486,6,47.144,47.144
ar1,487,6,87.858,87.858
ar1,488,6,66.402,66.402
ar1,489,6,51.767,51.767
ar1,490,6,47.727,47.727
ar1,491,6,81.529,81.529
ar1,492,6,72.801,72.801
ar1,493,6,40.896,40.896
ar1,494,6,49.769,49.769
ar1,495,6,22.091,22.091
ar1,496,6,107.211,107.211
ar1,497,6,88.982,88.982
ar1,498,6,96.947,96.947
ar1,499,6,68.538,68.538
ar1,500,6,78.107,78.107
ar1,501,6,58.938,58.938
ar1,502,6,98.509,98.509
ar1,503,6,76.67,76.67
ar1,504,6,66.18,66.18
ar1,505,6,59.71,59.71
ar1,506,6,21.134,21.134
ar1,507,6,36.635,36.635
ar1,508,6,64.481,64.481
ar1,509,6,98.742,98.742
ar1,510,6,92.065,92.065
ar1,511,6,71.688,71.688
ar1,512,6,67.345,67.345
ar1,513,6,71.827,71.827
ar1,514,6,69.881,69.881
ar1,515,6,58.948,58.948
ar1,516,6,97.853,97.853
ar1,517,6,63.09,63.09
ar1,518,6,65.841,65.841
ar1,519,6,73.71,73.71
ar1,520,6,59.32,59.32
ar1,521,6,27.125,27.125
ar1,522,6,53.849,53.849
ar1,523,6,79.102,79.102
ar1,524,6,120.518,120.518
ar1,525,6,65.564,65.564
ar1,526,6,43.244,43.244
ar1,527,6,96.366,96.366
ar1,528,6,82.774,82.774
ar1,529,6,79.174,79.174
ar1,530,6,82.685,82.685
ar1,531,6,89.911,89.911
ar1,532,6,74.966,74.966
ar1,533,6,77.214,77.214
ar1,534,6,56.427,56.427
ar1,535,6,91.152,91.152
ar1,536,6,60.885,60.885
ar1,537,6,65.109,65.109
ar1,538,6,84.735,84.735
ar1,539,6,83.24,83.24
ar1,540,6,57.96,57.96
ar1,541,6,75.796,75.796
ar1,542,6,52.391,52.391
ar1,543,6,109.258,109.258
ar1,544,6,62.162,62.162
ar1,545,6,89.217,89.217
ar1,546,6,108.051,108.051
ar1,547,6,49.553,49.553
ar1,548,6,40.937,40.937
ar1,549,6,70.032,70.032
ar1,550,6,57.109,57.109
ar1,551,6,52.007,52.007
ar1,552,6,50.897,50.897
ar1,553,6,82.845,82.845
ar1,554,6,108.333,108.333
ar1,555,6,46.972,46.972
ar1,556,6,71.886,71.886
ar1,557,6,57.13,57.13
ar1,558,6,114.95,114.95
ar1,559,6,78.423,78.423
ar1,560,6,60.915,60.915
ar1,561,6,59.439,59.439
ar1,562,6,74.565,74.565
ar1,563,6,114.902,114.902
ar1,564,6,109.027,109.027
ar1,565,6,51.672,51.672
ar1,566,6,52.936,52.936
ar1,567,6,49.909,49.909
ar1,568,6,38.63,38.63
ar1,569,6,78.772,78.772
ar1,570,6,38.538,38.538
ar1,571,6,43.238,43.238
ar1,572,6,73.189,73.189
ar1,573,6,56.219,56.219
ar1,574,6,98.859,98.859
ar1,575,6,104.094,104.094
ar1,576,6,55.871,55.871
ar1,577,6,61.755,61.755
ar1,578,6,59.283,59.283
ar1,579,6,55.632,55.632
ar1,580,6,94.47,94.47
ar1,581,6,85.752,85.752
ar1,582,6,43.924,43.924
ar1,583,6,114.894,114.894
ar1,584,6,55.784,55.784
ar1,585,6,51.057,51.057
ar1,586,6,55.379,55.379
ar1,587,6,51.579,51.579
ar1,588,6,53.073,53.073
ar1,589,6,84.759,84.759
ar1,590,6,59.592,59.592
ar1,591,6,101.879,101.879
ar1,592,6,64.202,64.202
ar1,593,6,79.688,79.688
ar1,594,6,96.988,96.988
ar1,595,6,42.616,42.616
ar1,596,6,84.671,84.671
ar1,597,6,73.658,73.658
ar1,598,6,64.576,64.576
ar1,599,6,68.351,68.351
ar1,600,6,105.465,105.465
ar1,601,6,38.206,38.206
ar1,602,6,56.867,56.867
ar1,603,6,67.392,67.392
ar1,604,6,98.127,98.127
ar1,605,6,55.229,55.229
ar1,606,6,40.842,40.842
ar1,607,6,63.953,63.953
ar1,608,6,57.393,57.393
ar1,609,6,69.585,69.585
ar1,610,6,69.995,69.995
ar1,611,6,47.411,47.411
ar1,612,6,93.046,93.046
ar1,613,6,94.466,94.466
ar1,614,6,59.78,59.78
ar1,615,6,35.95,35.95
ar1,616,6,64.267,64.267
ar1,617,6,68.594,68.594
ar1,618,6,82.803,82.803
ar1,619,6,39.616,39.616
ar1,620,6,104.888,104.888
ar1,621,6,104.825,104.825
ar1,622,6,69.309,69.309
ar1,623,6,71.972,71.972
ar1,624,6,59.279,59.279
ar1,625,6,58.907,58.907
ar1,626,6,57.693,57.693
ar1,627,6,106.47,106.47
ar1,628,6,55.941,55.941
ar1,629,6,41.396,41.396
ar1,630,6,56.996,56.996
ar1,631,6,56.075,56.075
ar1,632,6,101.079,101.079
ar1,633,6,46.439,46.439
ar1,634,6,60.642,60.642
ar1,635,6,71.303,71.303
ar1,636,6,105.185,105.185
ar1,637,6,48.623,48.623
ar1,638,6,91.168,91.168
ar1,639,6,100.592,100.592
ar1,640,6,115.369,115.369
ar1,641,6,63.481,63.481
ar1,642,6,54.666,54.666
ar1,643,6,66.778,66.778
ar1,644,6,64.249,64.249
ar1,645,6,60.071,60.071
ar1,646,6,49.735,49.735
ar1,647,6,54.075,54.075
ar1,648,6,38.084,38.084
ar1,649,6,103.915,103.915
ar1,650,6,49.397,49.397
ar1,651,6,123.629,123.629
ar1,652,6,52.695,52.695
ar1,653,6,66.964,66.964
ar1,654,6,73.248,73.248
ar1,655,6,57.394,57.394
ar1,656,6,70.553,70.553
ar1,657,6,72.632,72.632
ar1,658,6,72.944,72.944
ar1,659,6,91.102,91.102
ar1,660,6,47.225,47.225
ar1,661,6,97.655,97.655
ar1,662,6,91.15,91.15
ar1,663,6,61.546,61.546
ar1,664,6,91.254,91.254
ar1,665,6,46.999,46.999
ar1,666,6,29.186,29.186
ar1,667,6,124.227,124.227
ar1,668,6,35.951,35.951
ar1,669,6,58.407,58.407
ar1,670,6,95.0,95.0
ar1,671,6,56.848,56.848
ar1,672,6,65.259,65.259
ar1,673,6,53.598,53.598
ar1,674,6,118.057,118.057
ar1,675,6,133.113,133.113
ar1,676,6,34.98,34.98
ar1,677,6,54.693,54.693
ar1,678,6,76.98,76.98
ar1,679,6,77.008,77.008
ar1,680,6,59.112,59.112
ar1,681,6,48.374,48.374
ar1,682,6,81.124,81.124
ar1,683,6,99.547,99.547
ar1,684,5,37.416,37.05
ar1,685,6,80.394,80.394
ar1,686,6,66.71,66.71
ar1,687,6,42.112,42.112
ar1,688,6,95.157,95.157
ar1,689,6,74.406,74.406
ar1,690,6,82.985,82.985
ar1,691,6,41.009,41.009
ar1,692,6,51.979,51.979
ar1,693,6,54.152,54.152
ar1,694,6,52.197,52.197
ar1,695,6,61.306,61.306
ar1,696,6,95.888,95.888
ar1,697,6,39.587,39.587
ar1,698,6,50.253,50.253
ar1,699,6,81.86,81.86
ar1,700,6,38.926,38.926
ar1,701,6,116.752,116.752
ar1,702,6,92.406,92.406
ar1,703,6,101.419,101.419
ar1,704,6,47.868,47.868
ar1,705,6,50.014,50.014
ar1,706,6,65.483,65.483
ar1,707,6,62.098,62.098
ar1,708,6,54.231,54.231
ar1,709,6,80.97,80.97
ar1,710,6,90.257,90.257
ar1,711,6,18.197,18.197
ar1,712,6,50.347,50.347
ar1,713,5,46.042,45.446
ar1,714,6,115.468,115.468
ar1,715,6,94.297,94.297
ar1,716,6,71.605,71.605
ar1,717,6,39.538,39.538
ar1,718,6,83.807,83.807
ar1,719,6,69.027,69.027
ar1,720,6,55.819,55.819
ar1,721,6,79.84,79.84
ar1,722,6,68.606,68.606
ar1,723,6,67.409,67.409
ar1,724,6,60.295,60.295
ar1,725,6,67.591,67.591
ar1,726,6,85.141,85.141
ar1,727,6,44.311,44.311
ar1,728,6,45.134,45.134
ar1,729,6,113.872,113.872
ar1,730,6,59.697,59.697
ar1,731,6,71.772,71.772
ar1,732,6,95.321,95.321
ar1,733,6,63.101,63.101
ar1,734,6,70.112,70.112
ar1,735,6,84.737,84.737
ar1,736,6,73.458,73.458
ar1,737,6,46.388,46.388
ar1,738,6,91.736,91.736
ar1,739,6,80.664,80.664
ar1,740,6,101.924,101.924
ar1,741,6,65.352,65.352
ar1,742,6,60.027,60.027
ar1,743,6,75.441,75.441
ar1,744,6,85.993,85.993
ar1,745,6,45.234,45.234
ar1,746,6,81.739,81.739
ar1,747,6,92.639,92.639
ar1,748,6,35.43,35.43
ar1,749,6,49.134,49.134
ar1,750,6,73.653,73.653
ar1,751,6,89.987,89.987
ar1,752,6,51.931,51.931
ar1,753,6,66.336,66.336
ar1,754,6,96.759,96.759
ar1,755,6,54.898,54.898
ar1,756,6,47.641,47.641
ar1,757,6,97.094,97.094
ar1,758,6,99.866,99.866
ar1,759,5,57.811,57.742
ar1,760,6,77.213,77.213
ar1,761,6,74.251,74.251
ar1,762,6,46.82,46.82
ar1,763,6,22.002,22.002
ar1,764,6,65.716,65.716
ar1,765,6,73.128,73.128
ar1,766,6,64.939,64.939
ar1,767,6,65.722,65.722
ar1,768,6,87.89,87.89
ar1,769,6,41.675,41.675
ar1,770,6,60.349,60.349
ar1,771,6,89.969,89.969
ar1,772,6,95.528,95.528
ar1,773,6,57.31,57.31
ar1,774,6,96.592,96.592
ar1,775,6,108.817,108.817
ar1,776,6,40.368,40.368
ar1,777,6,76.38,76.38
ar1,778,6,43.898,43.898
ar1,779,6,31.564,31.564
ar1,780,6,104.813,104.813
ar1,781,6,75.208,75.208
ar1,782,6,115.845,115.845
ar1,783,6,66.488,66.488
ar1,784,6,44.422,44.422
ar1,785,6,77.289,77.289
ar1,786,6,53.143,53.143
ar1,787,6,41.757,41.757
ar1,788,6,83.027,83.027
ar1,789,6,53.817,53.817
ar1,790,6,58.836,58.836
ar1,791,6,43.312,43.312
ar1,792,6,40.417,40.417
ar1,793,6,33.018,33.018
ar1,794,6,22.28,22.28
ar1,795,6,72.965,72.965
ar1,796,6,113.344,113.344
ar1,797,6,84.177,84.177
ar1,798,6,61.386,61.386
ar1,799,6,84.745,84.745
ar1,800,6,52.695,52.695
ar1,801,6,40.4,40.4
ar1,802,6,132.865,132.865
ar1,803,6,73.316,73.316
ar1,804,6,65.175,65.175
ar1,805,6,65.068,65.068
ar1,806,6,95.702,95.702
ar1,807,6,61.895,61.895
ar1,808,6,41.396,41.396
ar1,809,6,117.693,117.693
ar1,810,6,89.234,89.234
ar1,811,6,49.561,49.561
ar1,812,6,55.352,55.352
ar1,813,6,41.817,41.817
ar1,814,6,38.085,38.085
ar1,815,6,60.289,60.289
ar1,816,6,77.375,77.375
ar1,817,6,67.445,67.445
ar1,818,6,48.001,48.001
ar1,819,6,77.83,77.83
ar1,820,6,62.911,62.911
ar1,821,6,70.089,70.089
ar1,822,6,66.616,66.616
ar1,823,6,83.604,83.604
ar1,824,6,49.858,49.858
ar1,825,6,59.312,59.312
ar1,826,6,33.163,33.163
ar1,827,6,51.418,51.418
ar1,828,6,111.206,111.206
ar1,829,6,38.979,38.979
ar1,830,6,53.461,53.461
ar1,831,6,45.038,45.038
ar1,832,6,57.377,57.377
ar1,833,6,48.931,48.931
ar1,834,6,66.407,66.407
ar1,835,6,33.262,33.262
ar1,836,6,72.962,72.962
ar1,837,6,93.454,93.454
ar1,838,6,55.395,55.395
ar1,839,6,117.241,117.241
ar1,840,6,52.902,52.902
ar1,841,6,93.082,93.082
ar1,842,6,96.19,96.19
ar1,843,6,98.474,98.474
ar1,844,6,112.985,112.985
ar1,845,6,66.175,66.175
ar1,846,6,68.055,68.055
ar1,847,6,78.655,78.655
ar1,848,6,64.015,64.015
ar1,849,6,57.952,57.952
ar1,850,6,65.303,65.303
ar1,851,6,53.288,53.288
ar1,852,6,55.056,55.056
ar1,853,6,43.533,43.533
ar1,854,6,79.774,79.774
ar1,855,6,89.427,89.427
ar1,856,6,60.06,60.06
ar1,857,6,57.632,57.632
ar1,858,6,58.695,58.695
ar1,859,6,80.439,80.439
ar1,860,6,44.62,44.62
ar1,861,6,71.417,71.417
ar1,862,6,73.933,73.933
ar1,863,6,101.848,101.848
ar1,864,6,54.19,54.19
ar1,865,6,65.797,65.797
ar1,866,6,41.522,41.522
ar1,867,6,89.057,89.057
ar1,868,6,71.571,71.571
ar1,869,6,105.571,105.571
ar1,870,6,60.536,60.536
ar1,871,6,54.321,54.321
ar1,872,6,78.433,78.433
ar1,873,6,80.809,80.809
ar1,874,6,63.152,63.152
ar1,875,6,87.785,87.785
ar1,876,6,31.823,31.823
ar1,877,6,44.036,44.036
ar1,878,6,63.974,63.974
ar1,879,6,73.767,73.767
ar1,880,6,60.323,60.323
ar1,881,6,66.959,66.959
ar1,882,6,93.657,93.657
ar1,883,6,66.52,66.52
ar1,884,6,64.556,64.556
ar1,885,6,106.81,106.81
ar1,886,6,88.524,88.524
ar1,887,6,62.314,62.314
ar1,888,6,52.078,52.078
ar1,889,6,40.146,40.146
ar1,890,6,41.828,41.828
ar1,891,6,70.224,70.224
ar1,892,6,88.94,88.94
ar1,893,6,40.302,40.302
ar1,894,6,108.09,108.09
ar1,895,6,84.496,84.496
ar1,896,6,44.399,44.399
ar1,897,6,78.933,78.933
ar1,898,6,53.369,53.369
ar1,899,6,34.808,34.808
ar1,900,6,26.634,26.634
ar1,901,6,69.547,69.547
ar1,902,6,62.23,62.23
ar1,903,6,82.226,82.226
ar1,904,6,41.769,41.769
ar1,905,6,62.612,62.612
ar1,906,6,42.266,42.266
ar1,907,6,57.138,57.138
ar1,908,6,50.029,50.029
ar1,909,6,59.287,59.287
ar1,910,6,84.237,84.237
ar1,911,6,111.585,111.585
ar1,912,6,60.229,60.229
ar1,913,6,63.601,63.601
ar1,914,6,50.445,50.445
ar1,915,6,97.362,97.362
ar1,916,6,85.425,85.425
ar1,917,6,73.456,73.456
ar1,918,6,87.37,87.37
ar1,919,6,42.258,42.258
ar1,920,6,74.282,74.282
ar1,921,6,64.32,64.32
ar1,922,6,39.129,39.129
ar1,923,6,29.47,29.47
ar1,924,6,63.048,63.048
ar1,925,6,48.117,48.117
ar1,926,6,60.065,60.065
ar1,927,6,87.977,87.977
ar1,928,6,76.352,76.352
ar1,929,6,75.488,75.488
ar1,930,6,43.533,43.533
ar1,931,6,60.834,60.834
ar1,932,6,95.646,95.646
ar1,933,6,82.889,82.889
ar1,934,6,34.798,34.798
ar1,935,6,49.629,49.629
ar1,936,6,47.721,47.721
ar1,937,6,65.017,65.017
ar1,938,6,64.505,64.505
ar1,939,6,46.227,46.227
ar1,940,6,88.783,88.783
ar1,941,6,81.234,81.234
ar1,942,6,113.949,113.949
ar1,943,6,81.73,81.73
ar1,944,6,64.213,64.213
ar1,945,6,64.433,64.433
ar1,946,6,117.948,117.948
ar1,947,6,87.028,87.028
ar1,948,6,72.584,72.584
ar1,949,6,71.764,71.764
ar1,950,6,40.152,40.152
ar1,951,6,100.261,100.261
ar1,952,6,104.939,104.939
ar1,953,6,74.123,74.123
ar1,954,6,77.81,77.81
ar1,955,6,41.526,41.526
ar1,956,6,90.819,90.819
ar1,957,6,60.389,60.389
ar1,958,6,82.546,82.546
ar1,959,6,44.22,44.22
ar1,960,6,77.069,77.069
ar1,961,6,67.521,67.521
ar1,962,6,127.383,127.383
ar1,963,6,71.478,71.478
ar1,964,6,48.951,48.951
ar1,965,6,94.758,94.758
ar1,966,6,92.112,92.112
ar1,967,6,72.535,72.535
ar1,968,6,54.195,54.195
ar1,969,6,68.781,68.781
ar1,970,6,49.901,49.901
ar1,971,6,35.247,35.247
ar1,972,6,53.327,53.327
ar1,973,6,92.546,92.546
ar1,974,6,46.618,46.618
ar1,975,6,61.164,61.164
ar1,976,6,69.736,69.736
ar1,977,6,65.406,65.406
ar1,978,6,56.906,56.906
ar1,979,6,62.376,62.376
ar1,980,6,47.139,47.139
ar1,981,6,72.143,72.143
ar1,982,6,51.768,51.768
ar1,983,6,33.163,33.163
ar1,984,6,88.613,88.613
ar1,985,6,78.606,78.606
ar1,986,6,67.329,67.329
ar1,987,6,72.303,72.303
ar1,988,6,63.956,63.956
ar1,989,6,111.207,111.207
ar1,990,6,55.85,55.85
ar1,991,6,49.905,49.905
ar1,992,6,67.646,67.646
ar1,993,6,56.444,56.444
ar1,994,6,69.101,69.101
ar1,995,6,74.385,74.385
ar1,996,6,93.079,93.079
ar1,997,6,81.308,81.308
ar1,998,6,90.249,90.249
ar1,999,6,65.269,65.269
ar1_within,0,6,20.81,20.81
ar1_within,1,5,16.636,16.028
ar1_within,2,3,5.176,4.693
ar1_within,3,6,12.316,12.316
ar1_within,4,4,12.513,10.864
ar1_within,5,5,29.073,27.449
ar1_within,6,6,10.445,10.445
ar1_within,7,5,5.358,3.489
ar1_within,8,6,19.598,19.598
ar1_within,9,6,13.615,13.615
ar1_within,10,6,28.518,28.518
ar1_within,11,6,12.39,12.39
ar1_within,12,6,8.79,8.79
ar1_within,13,3,1.277,-0.178
ar1_within,14,5,9.75,8.914
ar1_within,15,6,12.545,12.545
ar1_within,16,6,38.495,38.495
ar1_within,17,6,19.947,19.947
ar1_within,18,3,0.145,-1.953
ar1_within,19,3,16.322,13.322
ar1_within,20,5,4.853,4.43
ar1_within,21,6,4.277,4.277
ar1_within,22,6,18.831,18.831
ar1_within,23,5,7.622,7.282
ar1_within,24,6,15.298,15.298
ar1_within,25,6,12.751,12.751
ar1_within,26,6,13.742,13.742
ar1_within,27,4,5.783,4.414
ar1_within,28,6,6.4,6.4
ar1_within,29,6,9.659,9.659
ar1_within,30,4,18.808,16.923
ar1_within,31,6,27.541,27.541
ar1_within,32,6,22.748,22.748
ar1_within,33,6,5.639,5.639
ar1_within,34,6,21.422,21.422
ar1_within,35,4,10.475,8.97
ar1_within,36,6,6.671,6.671
ar1_within,37,2,2.685,1.922
ar1_within,38,6,23.373,23.373
ar1_within,39,3,16.963,13.988
ar1_within,40,6,9.674,9.674
ar1_within,41,6,5.119,5.119
ar1_within,42,6,19.029,19.029
ar1_within,43,4,10.411,10.133
ar1_within,44,5,8.106,7.427
ar1_within,45,6,31.781,31.781
ar1_within,46,6,11.168,11.168
ar1_within,47,6,15.272,15.272
ar1_within,48,5,16.18,14.69
ar1_within,49,6,9.678,9.678
ar1_within,50,2,0.349,-6.759
ar1_within,51,6,11.529,11.529
ar1_within,52,6,19.135,19.135
ar1_within,53,5,16.062,15.788
ar1_within,54,5,5.313,3.633
ar1_within,55,6,8.77,8.77
ar1_within,56,6,13.972,13.972
ar1_within,57,6,5.566,5.566
ar1_within,58,6,7.392,7.392
ar1_within,59,5,16.589,15.191
ar1_within,60,6,25.715,25.715
ar1_within,61,6,32.075,32.075
ar1_within,62,5,3.233,2.85
ar1_within,63,5,7.828,6.466
ar1_within,64,6,23.565,23.565
ar1_within,65,5,27.687,27.092
ar1_within,66,6,34.469,34.469
ar1_within,67,6,6.393,6.393
ar1_within,68,6,27.758,27.758
ar1_within,69,6,2.573,2.573
ar1_within,70,6,13.878,13.878
ar1_within,71,6,27.785,27.785
ar1_within,72,5,19.156,17.67
ar1_within,73,3,7.401,2.216
ar1_within,74,6,5.654,5.654
ar1_within,75,6,29.783,29.783
ar1_within,76,6,13.784,13.784
ar1_within,77,6,8.053,8.053
ar1_within,78,6,19.905,19.905
ar1_within,79,6,30.646,30.646
ar1_within,80,6,24.462,24.462
ar1_within,81,6,14.305,14.305
ar1_within,82,6,19.598,19.598
ar1_within,83,6,20.859,20.859
ar1_within,84,3,0.576,-3.464
ar1_within,85,6,18.377,18.377
ar1_within,86,6,18.385,18.385
ar1_within,87,6,6.938,6.938
ar1_within,88,6,15.919,15.919
ar1_within,89,6,21.888,21.888
ar1_within,90,6,12.857,12.857
ar1_within,91,6,16.63,16.63
ar1_within,92,6,7.465,7.465
ar1_within,93,4,4.594,3.337
ar1_within,94,6,9.516,9.516
ar1_within,95,6,13.328,13.328
ar1_within,96,6,21.275,21.275
ar1_within,97,6,10.085,10.085
ar1_within,98,5,8.257,7.432
ar1_within,99,4,0.407,-1.53
ar1_within,100,2,2.385,-3.478
ar1_within,101,6,12.106,12.106
ar1_within,102,3,0.074,-2.603
ar1_within,103,6,7.67,7.67
ar1_within,104,1,0.0,-0.632
ar1_within,105,1,0.0,-6.591
ar1_within,106,6,23.441,23.441
ar1_within,107,3,20.243,17.321
ar1_within,108,6,18.201,18.201
ar1_within,109,5,14.27,12.412
ar1_within,110,4,6.26,4.679
ar1_within,111,6,6.402,6.402
ar1_within,112,6,8.743,8.743
ar1_within,113,3,3.116,0.271
ar1_within,114,6,14.598,14.598
ar1_within,115,6,4.664,4.664
ar1_within,116,6,18.621,18.621
ar1_within,117,6,35.471,35.471
ar1_within,118,6,7.113,7.113
ar1_within,119,5,8.336,7.862
ar1_within,120,6,21.771,21.771
ar1_within,121,5,22.948,21.736
ar1_within,122,6,25.321,25.321
ar1_within,123,5,9.747,9.665
ar1_within,124,5,10.147,9.4
ar1_within,125,6,12.203,12.203
ar1_within,126,6,6.468,6.468
ar1_within,127,4,22.87,20.092
ar1_within,128,6,11.835,11.835
ar1_within,129,6,17.33,17.33
ar1_within,130,6,5.96,5.96
ar1_within,131,6,11.826,11.826
ar1_within,132,6,7.814,7.814
ar1_within,133,6,9.485,9.485
ar1_within,134,6,3.806,3.806
ar1_within,135,6,12.366,12.366
ar1_within,136,4,8.733,7.421
ar1_within,137,6,1.666,1.666
ar1_within,138,3,10.091,7.007
ar1_within,139,5,4.586,3.372
ar1_within,140,5,13.936,12.068
ar1_within,141,5,2.338,1.815
ar1_within,142,6,13.393,13.393
ar1_within,143,4,1.784,0.651
ar1_within,144,3,1.162,-0.391
ar1_within,145,5,11.359,11.351
ar1_within,146,6,14.258,14.258
ar1_within,147,6,11.204,11.204
ar1_within,148,6,13.061,13.061
ar1_within,149,6,8.604,8.604
ar1_within,150,6,9.362,9.362
ar1_within,151,6,9.464,9.464
ar1_within,152,4,11.048,10.273
ar1_within,153,4,10.6,10.573
ar1_within,154,6,27.273,27.273
ar1_within,155,5,10.614,8.896
ar1_within,156,6,29.66,29.66
ar1_within,157,6,24.119,24.119
ar1_within,158,4,16.854,13.241
ar1_within,159,1,0.0,-8.066
ar1_within,160,6,10.871,10.871
ar1_within,161,6,14.999,14.999
ar1_within,162,6,28.9,28.9
ar1_within,163,6,13.815,13.815
ar1_within,164,5,9.888,9.42
ar1_within,165,5,17.274,13.669
ar1_within,166,5,9.18,6.427
ar1_within,167,4,13.62,12.076
ar1_within,168,6,24.812,24.812
ar1_within,169,6,22.861,22.861
ar1_within,170,5,4.157,1.94
ar1_within,171,5,25.532,23.85
ar1_within,172,6,18.428,18.428
ar1_within,173,5,24.782,23.133
ar1_within,174,4,5.112,5.071
ar1_within,175,5,14.084,13.523
ar1_within,176,4,7.965,6.946
ar1_within,177,6,3.735,3.735
ar1_within,178,4,9.546,9.211
ar1_within,179,6,7.68,7.68
ar1_within,180,6,20.997,20.997
ar1_within,181,6,20.57,20.57
ar1_within,182,4,1.283,0.174
ar1_within,183,5,1.336,-0.287
ar1_within,184,5,7.072,5.146
ar1_within,185,4,20.355,19.499
ar1_within,186,6,3.682,3.682
ar1_within,187,6,15.133,15.133
ar1_within,188,4,17.089,16.471
ar1_within,189,6,9.677,9.677
ar1_within,190,6,11.978,11.978
ar1_within,191,6,37.85,37.85
ar1_within,192,5,13.097,9.815
ar1_within,193,6,15.287,15.287
ar1_within,194,6,5.122,5.122
ar1_within,195,6,5.53,5.53
ar1_within,196,3,5.598,3.037
ar1_within,197,5,1.473,0.701
ar1_within,198,6,12.68,12.68
ar1_within,199,5,13.669,13.154
ar1_within,200,6,20.605,20.605
ar1_within,201,6,31.726,31.726
ar1_within,202,5,28.05,27.984
ar1_within,203,6,6.424,6.424
ar1_within,204,5,3.858,3.1
ar1_within,205,6,4.716,4.716
ar1_within,206,6,11.972,11.972
ar1_within,207,6,4.832,4.832
ar1_within,208,6,15.001,15.001
ar1_within,209,3,11.714,10.6
ar1_within,210,6,4.913,4.913
ar1_within,211,6,31.721,31.721
ar1_within,212,6,12.691,12.691
ar1_within,213,6,12.222,12.222
ar1_within,214,5,7.143,4.544
ar1_within,215,6,2.978,2.978
ar1_within,216,6,29.582,29.582
ar1_within,217,6,23.504,23.504
ar1_within,218,1,0.0,-2.757
ar1_within,219,5,8.837,7.134
ar1_within,220,5,17.178,16.307
ar1_within,221,6,5.833,5.833
ar1_within,222,5,4.029,3.244
ar1_within,223,5,15.866,13.882
ar1_within,224,6,38.395,38.395
ar1_within,225,6,14.441,14.441
ar1_within,226,5,6.326,4.729
ar1_within,227,5,2.325,1.461
ar1_within,228,6,24.148,24.148
ar1_within,229,5,11.212,10.684
ar1_within,230,6,13.734,13.734
ar1_within,231,6,40.325,40.325
ar1_within,232,3,1.189,0.206
ar1_within,233,6,13.204,13.204
ar1_within,234,5,8.847,7.175
ar1_within,235,3,1.771,-0.432
ar1_within,236,6,22.09,22.09
ar1_within,237,6,31.274,31.274
ar1_within,238,6,6.077,6.077
ar1_within,239,6,16.247,16.247
ar1_within,240,5,7.712,6.908
ar1_within,241,6,21.462,21.462
ar1_within,242,6,15.223,15.223
ar1_within,243,4,7.872,6.094
ar1_within,244,1,0.0,-1.776
ar1_within,245,4,4.627,0.507
ar1_within,246,5,7.538,6.354
ar1_within,247,6,29.341,29.341
ar1_within,248,4,4.144,1.424
ar1_within,249,5,13.35,12.742
ar1_within,250,6,4.086,4.086
ar1_within,251,3,3.909,1.709
ar1_within,252,5,9.069,6.862
ar1_within,253,6,7.982,7.982
ar1_within,254,6,6.391,6.391
ar1_within,255,6,30.373,30.373
ar1_within,256,6,21.132,21.132
ar1_within,257,6,9.881,9.881
ar1_within,258,6,15.418,15.418
ar1_within,259,4,12.547,12.474
ar1_within,260,6,30.817,30.817
ar1_within,261,6,14.671,14.671
ar1_within,262,2,2.551,-1.48
ar1_within,263,5,16.558,15.261
ar1_within,264,5,6.566,4.092
ar1_within,265,3,15.396,12.393
ar1_within,266,5,14.822,13.978
ar1_within,267,4,8.197,6.172
ar1_within,268,4,14.759,14.384
ar1_within,269,3,6.921,5.738
ar1_within,270,6,13.238,13.238
ar1_within,271,6,13.263,13.263
ar1_within,272,4,12.394,12.326
ar1_within,273,4,6.098,4.015
ar1_within,274,6,3.443,3.443
ar1_within,275,6,22.356,22.356
ar1_within,276,6,11.763,11.763
ar1_within,277,5,15.68,13.955
ar1_within,278,5,8.17,4.974
ar1_within,279,6,13.238,13.238
ar1_within,280,5,5.669,5.323
ar1_within,281,6,19.587,19.587
ar1_within,282,6,19.709,19.709
ar1_within,283,2,13.418,12.807
ar1_within,284,6,10.544,10.544
ar1_within,285,6,16.562,16.562
ar1_within,286,2,5.565,1.35
ar1_within,287,2,1.523,1.25
ar1_within,288,6,15.262,15.262
ar1_within,289,6,29.959,29.959
ar1_within,290,5,20.388,17.4
ar1_within,291,6,13.751,13.751
ar1_within,292,4,3.438,2.589
ar1_within,293,6,39.359,39.359
ar1_within,294,5,28.613,25.959
ar1_within,295,4,8.866,6.957
ar1_within,296,6,23.97,23.97
ar1_within,297,5,8.551,8.168
ar1_within,298,6,22.494,22.494
ar1_within,299,6,34.573,34.573
ar1_within,300,6,16.728,16.728
ar1_within,301,6,10.933,10.933
ar1_within,302,6,4.109,4.109
ar1_within,303,6,5.021,5.021
ar1_within,304,6,8.587,8.587
ar1_within,305,4,0.531,-1.599
ar1_within,306,6,26.11,26.11
ar1_within,307,6,33.071,33.071
ar1_within,308,4,3.226,2.858
ar1_within,309,6,12.222,12.222
ar1_within,310,5,20.127,17.667
ar1_within,311,6,12.043,12.043
ar1_within,312,4,35.166,34.107
ar1_within,313,3,3.654,-0.449
ar1_within,314,3,17.314,14.949
ar1_within,315,5,12.4,12.359
ar1_within,316,6,12.008,12.008
ar1_within,317,6,13.724,13.724
ar1_within,318,6,10.774,10.774
ar1_within,319,4,5.168,2.221
ar1_within,320,3,3.783,2.555
ar1_within,321,6,3.935,3.935
ar1_within,322,6,17.619,17.619
ar1_within,323,6,38.479,38.479
ar1_within,324,3,7.305,3.137
ar1_within,325,5,17.171,16.331
ar1_within,326,6,2.548,2.548
ar1_within,327,6,14.01,14.01
ar1_within,328,6,19.279,19.279
ar1_within,329,5,6.905,6.365
ar1_within,330,6,8.593,8.593
ar1_within,331,5,1.112,0.522
ar1_within,332,6,11.241,11.241
ar1_within,333,4,19.749,18.829
ar1_within,334,3,13.815,12.584
ar1_within,335,6,24.665,24.665
ar1_within,336,6,22.571,22.571
ar1_within,337,6,19.566,19.566
ar1_within,338,6,15.64,15.64
ar1_within,339,6,22.84,22.84
ar1_within,340,6,13.346,13.346
ar1_within,341,6,8.728,8.728
ar1_within,342,6,5.818,5.818
ar1_within,343,6,15.599,15.599
ar1_within,344,4,8.318,8.134
ar1_within,345,6,8.646,8.646
ar1_within,346,5,32.243,31.432
ar1_within,347,6,16.702,16.702
ar1_within,348,6,17.997,17.997
ar1_within,349,6,10.238,10.238
ar1_within,350,6,5.311,5.311
ar1_within,351,6,11.208,11.208
ar1_within,352,6,8.282,8.282
ar1_within,353,6,16.966,16.966
ar1_within,354,6,22.296,22.296
ar1_within,355,2,10.483,9.628
ar1_within,356,3,2.866,-0.071
ar1_within,357,6,26.472,26.472
ar1_within,358,6,20.96,20.96
ar1_within,359,6,0.646,0.646
ar1_within,360,6,10.114,10.114
ar1_within,361,6,23.439,23.439
ar1_within,362,3,15.809,14.213
ar1_within,363,5,7.248,6.133
ar1_within,364,5,12.816,10.818
ar1_within,365,6,7.555,7.555
ar1_within,366,6,24.575,24.575
ar1_within,367,4,9.483,9.162
ar1_within,368,6,1.78,1.78
ar1_within,369,3,0.342,0.264
ar1_within,370,6,24.933,24.933
ar1_within,371,5,7.892,7.581
ar1_within,372,4,7.656,6.362
ar1_within,373,3,9.764,7.152
ar1_within,374,5,2.895,2.825
ar1_within,375,5,11.046,9.087
ar1_within,376,6,19.057,19.057
ar1_within,377,6,29.6,29.6
ar1_within,378,6,9.84,9.84
ar1_within,379,6,17.35,17.35
ar1_within,380,6,4.811,4.811
ar1_within,381,6,22.299,22.299
ar1_within,382,4,3.822,3.192
ar1_within,383,6,25.878,25.878
ar1_within,384,5,8.174,7.556
ar1_within,385,5,6.957,4.954
ar1_within,386,5,10.26,9.654
ar1_within,387,6,24.056,24.056
ar1_within,388,3,3.09,0.632
ar1_within,389,3,21.603,21.02
ar1_within,390,3,3.615,3.516
ar1_within,391,6,12.878,12.878
ar1_within,392,4,6.9,5.94
ar1_within,393,6,7.214,7.214
ar1_within,394,5,9.416,9.38
ar1_within,395,6,17.837,17.837
ar1_within,396,6,5.58,5.58
ar1_within,397,4,7.304,6.223
ar1_within,398,2,0.254,-0.525
ar1_within,399,5,14.834,14.173
ar1_within,400,5,14.329,12.202
ar1_within,401,6,22.473,22.473
ar1_within,402,3,1.458,0.068
ar1_within,403,6,25.176,25.176
ar1_within,404,4,20.882,18.779
ar1_within,405,6,13.805,13.805
ar1_within,406,6,16.376,16.376
ar1_within,407,6,14.128,14.128
ar1_within,408,6,10.654,10.654
ar1_within,409,6,14.729,14.729
ar1_within,410,6,21.34,21.34
ar1_within,411,6,22.373,22.373
ar1_within,412,5,10.333,9.838
ar1_within,413,6,1.881,1.881
ar1_within,414,2,8.333,4.994
ar1_within,415,5,12.131,11.126
ar1_within,416,6,7.919,7.919
ar1_within,417,6,13.945,13.945
ar1_within,418,3,5.668,4.326
ar1_within,419,6,14.507,14.507
ar1_within,420,6,22.846,22.846
ar1_within,421,5,9.04,6.947
ar1_within,422,6,12.693,12.693
ar1_within,423,6,17.32,17.32
ar1_within,424,6,22.54,22.54
ar1_within,425,4,3.671,0.617
ar1_within,426,5,10.158,9.999
ar1_within,427,5,22.67,20.753
ar1_within,428,6,16.225,16.225
ar1_within,429,6,16.845,16.845
ar1_within,430,6,37.717,37.717
ar1_within,431,5,0.807,0.036
ar1_within,432,5,3.423,3.256
ar1_within,433,6,2.474,2.474
ar1_within,434,6,38.047,38.047
ar1_within,435,6,26.802,26.802
ar1_within,436,6,20.985,20.985
ar1_within,437,6,24.769,24.769
ar1_within,438,6,21.642,21.642
ar1_within,439,6,11.158,11.158
ar1_within,440,5,22.105,19.648
ar1_within,441,6,4.759,4.759
ar1_within,442,5,16.87,16.803
ar1_within,443,5,9.749,8.623
ar1_within,444,5,15.16,14.434
ar1_within,445,6,26.839,26.839
ar1_within,446,6,14.869,14.869
ar1_within,447,6,12.194,12.194
ar1_within,448,6,32.801,32.801
ar1_within,449,6,7.11,7.11
ar1_within,450,6,7.785,7.785
ar1_within,451,6,16.927,16.927
ar1_within,452,5,3.567,1.25
ar1_within,453,6,10.478,10.478
ar1_within,454,5,6.556,5.091
ar1_within,455,6,18.559,18.559
ar1_within,456,6,36.16,36.16
ar1_within,457,6,7.929,7.929
ar1_within,458,6,17.113,17.113
ar1_within,459,6,22.078,22.078
ar1_within,460,6,16.51,16.51
ar1_within,461,3,6.79,6.544
ar1_within,462,3,11.872,11.409
ar1_within,463,5,15.606,12.973
ar1_within,464,6,15.922,15.922
ar1_within,465,5,10.311,8.407
ar1_within,466,3,10.949,9.45
ar1_within,467,6,19.889,19.889
ar1_within,468,5,13.308,11.202
ar1_within,469,6,21.64,21.64
ar1_within,470,5,23.513,22.818
ar1_within,471,6,21.348,21.348
ar1_within,472,6,30.183,30.183
ar1_within,473,5,12.655,11.837
ar1_within,474,6,27.487,27.487
ar1_within,475,3,0.838,-1.009
ar1_within,476,6,28.545,28.545
ar1_within,477,5,3.351,2.731
ar1_within,478,6,6.16,6.16
ar1_within,479,5,8.968,8.535
ar1_within,480,6,9.627,9.627
ar1_within,481,6,7.619,7.619
ar1_within,482,6,20.272,20.272
ar1_within,483,1,0.0,-9.713
ar1_within,484,3,11.854,8.995
ar1_within,485,6,21.302,21.302
ar1_within,486,6,11.576,11.576
ar1_within,487,6,13.678,13.678
ar1_within,488,6,24.816,24.816
ar1_within,489,6,7.658,7.658
ar1_within,490,2,2.044,-1.383
ar1_within,491,6,26.334,26.334
ar1_within,492,4,3.802,1.843
ar1_within,493,5,4.206,3.986
ar1_within,494,6,4.865,4.865
ar1_within,495,6,24.914,24.914
ar1_within,496,6,40.429,40.429
ar1_within,497,6,4.788,4.788
ar1_within,498,6,16.659,16.659
ar1_within,499,6,16.463,16.463
ar1_within,500,6,32.422,32.422
ar1_within,501,6,17.845,17.845
ar1_within,502,3,14.001,13.603
ar1_within,503,6,11.18,11.18
ar1_within,504,3,2.632,0.866
ar1_within,505,6,17.328,17.328
ar1_within,506,6,11.381,11.381
ar1_within,507,5,16.864,16.02
ar1_within,508,6,8.224,8.224
ar1_within,509,5,22.464,20.389
ar1_within,510,5,8.589,6.361
ar1_within,511,5,22.003,21.369
ar1_within,512,6,12.767,12.767
ar1_within,513,6,13.462,13.462
ar1_within,514,6,7.128,7.128
ar1_within,515,6,17.991,17.991
ar1_within,516,4,9.758,8.44
ar1_within,517,6,8.957,8.957
ar1_within,518,4,13.042,9.822
ar1_within,519,5,0.844,0.546
ar1_within,520,6,12.57,12.57
ar1_within,521,5,12.612,12.113
ar1_within,522,4,14.041,11.742
ar1_within,523,6,10.486,10.486
ar1_within,524,6,15.753,15.753
ar1_within,525,6,19.153,19.153
ar1_within,526,6,17.783,17.783
ar1_within,527,6,14.487,14.487
ar1_within,528,6,31.29,31.29
ar1_within,529,5,13.89,11.947
ar1_within,530,6,15.359,15.359
ar1_within,531,4,9.479,9.343
ar1_within,532,6,25.118,25.118
ar1_within,533,6,32.658,32.658
ar1_within,534,6,18.164,18.164
ar1_within,535,1,0.0,-2.635
ar1_within,536,2,0.473,0.01
ar1_within,537,5,19.969,19.205
ar1_within,538,3,2.912,-1.918
ar1_within,539,5,14.585,13.895
ar1_within,540,5,8.442,8.098
ar1_within,541,5,37.965,35.78
ar1_within,542,6,0.341,0.341
ar1_within,543,6,35.115,35.115
ar1_within,544,6,18.439,18.439
ar1_within,545,5,7.511,4.986
ar1_within,546,6,6.487,6.487
ar1_within,547,6,16.789,16.789
ar1_within,548,3,10.075,6.079
ar1_within,549,6,13.262,13.262
ar1_within,550,6,29.879,29.879
ar1_within,551,6,3.727,3.727
ar1_within,552,6,13.48,13.48
ar1_within,553,6,7.748,7.748
ar1_within,554,2,1.43,1.344
ar1_within,555,6,20.16,20.16
ar1_within,556,6,8.242,8.242
ar1_within,557,5,21.394,19.863
ar1_within,558,6,22.799,22.799
ar1_within,559,6,15.473,15.473
ar1_within,560,5,17.997,17.118
ar1_within,561,6,0.97,0.97
ar1_within,562,6,26.751,26.751
ar1_within,563,6,21.267,21.267
ar1_within,564,6,11.591,11.591
ar1_within,565,6,8.098,8.098
ar1_within,566,1,0.0,-1.333
ar1_within,567,1,0.0,-5.254
ar1_within,568,4,3.101,2.655
ar1_within,569,6,12.425,12.425
ar1_within,570,6,7.795,7.795
ar1_within,571,6,33.05,33.05
ar1_within,572,6,10.803,10.803
ar1_within,573,6,21.071,21.071
ar1_within,574,6,15.316,15.316
ar1_within,575,6,27.419,27.419
ar1_within,576,5,28.356,27.851
ar1_within,577,6,39.172,39.172
ar1_within,578,6,3.748,3.748
ar1_within,579,3,5.369,2.759
ar1_within,580,5,1.554,0.209
ar1_within,581,6,6.234,6.234
ar1_within,582,5,13.492,12.935
ar1_within,583,3,5.96,2.776
ar1_within,584,6,19.535,19.535
ar1_within,585,5,15.218,15.011
ar1_within,586,6,27.851,27.851
ar1_within,587,5,3.321,2.044
ar1_within,588,6,9.39,9.39
ar1_within,589,6,31.476,31.476
ar1_within,590,6,4.834,4.834
ar1_within,591,6,32.381,32.381
ar1_within,592,6,12.204,12.204
ar1_within,593,6,7.34,7.34
ar1_within,594,6,16.643,16.643
ar1_within,595,5,1.325,-1.486
ar1_within,596,3,14.943,10.236
ar1_within,597,4,9.045,8.383
ar1_within,598,5,7.368,5.636
ar1_within,599,6,17.411,17.411
ar1_within,600,1,0.0,-1.445
ar1_within,601,5,19.529,18.509
ar1_within,602,6,8.069,8.069
ar1_within,603,3,4.285,0.495
ar1_within,604,6,8.45,8.45
ar1_within,605,6,9.819,9.819
ar1_within,606,6,8.513,8.513
ar1_within,607,6,13.578,13.578
ar1_within,608,6,5.906,5.906
ar1_within,609,6,27.159,27.159
ar1_within,610,5,7.464,6.719
ar1_within,611,6,21.519,21.519
ar1_within,612,5,37.851,37.806
ar1_within,613,6,13.12,13.12
ar1_within,614,6,21.451,21.451
ar1_within,615,6,7.401,7.401
ar1_within,616,6,13.926,13.926
ar1_within,617,5,23.349,21.072
ar1_within,618,6,9.686,9.686
ar1_within,619,6,14.171,14.171
ar1_within,620,6,8.248,8.248
ar1_within,621,5,4.901,4.183
ar1_within,622,1,0.0,-3.243
ar1_within,623,3,13.454,11.923
ar1_within,624,6,25.749,25.749
ar1_within,625,5,1.649,1.317
ar1_within,626,6,6.541,6.541
ar1_within,627,5,4.506,4.016
ar1_within,628,6,0.383,0.383
ar1_within,629,6,12.266,12.266
ar1_within,630,6,10.26,10.26
ar1_within,631,6,12.462,12.462
ar1_within,632,6,24.924,24.924
ar1_within,633,6,15.043,15.043
ar1_within,634,4,7.91,7.315
ar1_within,635,6,12.207,12.207
ar1_within,636,5,9.673,7.362
ar1_within,637,3,5.447,5.085
ar1_within,638,6,18.292,18.292
ar1_within,639,5,6.545,5.68
ar1_within,640,4,0.68,-0.409
ar1_within,641,5,17.107,15.883
ar1_within,642,6,10.085,10.085
ar1_within,643,5,3.949,3.098
ar1_within,644,5,4.605,4.064
ar1_within,645,4,4.551,1.464
ar1_within,646,6,11.946,11.946
ar1_within,647,6,15.158,15.158
ar1_within,648,5,2.057,1.922
ar1_within,649,6,8.933,8.933
ar1_within,650,5,8.066,7.266
ar1_within,651,6,12.942,12.942
ar1_within,652,5,5.648,4.568
ar1_within,653,6,9.989,9.989
ar1_within,654,5,0.186,-0.349
ar1_within,655,5,5.894,5.3
ar1_within,656,5,12.323,12.076
ar1_within,657,5,10.457,10.156
ar1_within,658,6,10.698,10.698
ar1_within,659,6,8.967,8.967
ar1_within,660,6,21.087,21.087
ar1_within,661,6,13.926,13.926
ar1_within,662,6,14.271,14.271
ar1_within,663,5,15.04,14.686
ar1_within,664,5,7.031,5.547
ar1_within,665,6,4.905,4.905
ar1_within,666,6,24.088,24.088
ar1_within,667,6,14.203,14.203
ar1_within,668,3,1.59,0.828
ar1_within,669,6,13.725,13.725
ar1_within,670,6,10.531,10.531
ar1_within,671,6,1.621,1.621
ar1_within,672,4,16.062,13.575
ar1_within,673,6,20.494,20.494
ar1_within,674,6,22.105,22.105
ar1_within,675,6,9.464,9.464
ar1_within,676,1,0.0,-4.833
ar1_within,677,5,17.175,16.668
ar1_within,678,3,6.213,3.939
ar1_within,679,3,1.338,-2.083
ar1_within,680,6,16.89,16.89
ar1_within,681,4,14.543,11.738
ar1_within,682,6,4.343,4.343
ar1_within,683,5,6.645,5.684
ar1_within,684,4,9.448,5.03
ar1_within,685,6,14.584,14.584
ar1_within,686,6,6.536,6.536
ar1_within,687,5,6.649,6.599
ar1_within,688,3,15.771,13.019
ar1_within,689,4,8.425,5.441
ar1_within,690,4,11.488,9.158
ar1_within,691,6,25.283,25.283
ar1_within,692,6,12.787,12.787
ar1_within,693,5,5.339,4.809
ar1_within,694,6,14.168,14.168
ar1_within,695,3,5.179,0.267
ar1_within,696,4,4.349,0.775
ar1_within,697,1,0.0,-6.256
ar1_within,698,6,15.918,15.918
ar1_within,699,6,24.27,24.27
ar1_within,700,5,14.047,12.165
ar1_within,701,6,5.636,5.636
ar1_within,702,6,18.93,18.93
ar1_within,703,4,11.511,7.828
ar1_within,704,6,13.987,13.987
ar1_within,705,6,19.605,19.605
ar1_within,706,6,6.316,6.316
ar1_within,707,6,3.329,3.329
ar1_within,708,5,19.897,19.098
ar1_within,709,6,25.19,25.19
ar1_within,710,3,3.339,1.738
ar1_within,711,4,11.847,10.573
ar1_within,712,6,15.501,15.501
ar1_within,713,5,0.806,0.79
ar1_within,714,3,5.315,1.548
ar1_within,715,6,34.376,34.376
ar1_within,716,6,10.602,10.602
ar1_within,717,3,2.971,-1.33
ar1_within,718,6,28.817,28.817
ar1_within,719,5,10.845,9.154
ar1_within,720,6,13.486,13.486
ar1_within,721,5,8.208,7.617
ar1_within,722,6,12.509,12.509
ar1_within,723,6,17.221,17.221
ar1_within,724,6,22.913,22.913
ar1_within,725,6,29.011,29.011
ar1_within,726,5,16.272,14.442
ar1_within,727,6,15.197,15.197
ar1_within,728,5,10.661,9.283
ar1_within,729,6,23.24,23.24
ar1_within,730,4,0.021,-2.018
ar1_within,731,2,0.737,-3.753
ar1_within,732,6,12.288,12.288
ar1_within,733,3,2.447,0.396
ar1_within,734,6,16.543,16.543
ar1_within,735,5,18.171,18.053
ar1_within,736,1,0.0,-5.394
ar1_within,737,6,23.164,23.164
ar1_within,738,3,13.009,9.92
ar1_within,739,6,9.01,9.01
ar1_within,740,6,13.584,13.584
ar1_within,741,4,1.742,0.755
ar1_within,742,6,25.747,25.747
ar1_within,743,6,4.818,4.818
ar1_within,744,5,8.382,7.309
ar1_within,745,6,11.835,11.835
ar1_within,746,6,11.851,11.851
ar1_within,747,6,29.296,29.296
ar1_within,748,6,13.454,13.454
ar1_within,749,6,11.857,11.857
ar1_within,750,5,6.248,4.718
ar1_within,751,5,25.15,24.63
ar1_within,752,2,2.927,-1.036
ar1_within,753,6,23.246,23.246
ar1_within,754,5,22.143,19.855
ar1_within,755,5,4.52,1.672
ar1_within,756,6,8.28,8.28
ar1_within,757,6,17.924,17.924
ar1_within,758,6,6.062,6.062
ar1_within,759,3,10.531,8.053
ar1_within,760,6,21.152,21.152
ar1_within,761,5,28.987,28.55
ar1_within,762,5,23.651,21.368
ar1_within,763,6,11.903,11.903
ar1_within,764,6,27.756,27.756
ar1_within,765,5,10.826,10.755
ar1_within,766,1,0.0,-1.971
ar1_within,767,5,4.693,4.647
ar1_within,768,3,5.778,5.013
ar1_within,769,6,7.817,7.817
ar1_within,770,6,12.961,12.961
ar1_within,771,6,21.345,21.345
ar1_within,772,6,12.678,12.678
ar1_within,773,6,15.343,15.343
ar1_within,774,6,20.057,20.057
ar1_within,775,6,8.068,8.068
ar1_within,776,6,17.599,17.599
ar1_within,777,6,9.904,9.904
ar1_within,778,5,21.75,20.164
ar1_within,779,6,26.351,26.351
ar1_within,780,5,4.785,3.828
ar1_within,781,6,15.867,15.867
ar1_within,782,4,3.954,3.798
ar1_within,783,6,17.162,17.162
ar1_within,784,6,2.918,2.918
ar1_within,785,6,10.497,10.497
ar1_within,786,6,16.378,16.378
ar1_within,787,6,10.543,10.543
ar1_within,788,6,17.671,17.671
ar1_within,789,6,22.744,22.744
ar1_within,790,6,6.968,6.968
ar1_within,791,6,17.285,17.285
ar1_within,792,6,35.714,35.714
ar1_within,793,6,7.204,7.204
ar1_within,794,6,1.537,1.537
ar1_within,795,6,5.892,5.892
ar1_within,796,6,18.492,18.492
ar1_within,797,6,24.212,24.212
ar1_within,798,6,17.018,17.018
ar1_within,799,5,11.804,11.312
ar1_within,800,6,24.145,24.145
ar1_within,801,5,20.305,19.234
ar1_within,802,6,17.349,17.349
ar1_within,803,6,23.003,23.003
ar1_within,804,6,18.188,18.188
ar1_within,805,6,3.603,3.603
ar1_within,806,5,7.11,6.471
ar1_within,807,6,24.454,24.454
ar1_within,808,6,8.414,8.414
ar1_within,809,6,10.844,10.844
ar1_within,810,6,6.307,6.307
ar1_within,811,5,9.08,8.339
ar1_within,812,3,6.813,5.811
ar1_within,813,6,22.198,22.198
ar1_within,814,6,19.748,19.748
ar1_within,815,6,9.988,9.988
ar1_within,816,6,23.249,23.249
ar1_within,817,5,15.802,15.182
ar1_within,818,5,19.371,18.177
ar1_within,819,4,2.02,1.186
ar1_within,820,6,14.736,14.736
ar1_within,821,6,16.352,16.352
ar1_within,822,6,32.42,32.42
ar1_within,823,4,6.869,6.567
ar1_within,824,6,7.207,7.207
ar1_within,825,6,13.152,13.152
ar1_within,826,4,10.189,9.353
ar1_within,827,6,19.205,19.205
ar1_within,828,4,1.38,0.091
ar1_within,829,6,18.023,18.023
ar1_within,830,6,10.45,10.45
ar1_within,831,5,10.901,9.464
ar1_within,832,5,12.483,9.943
ar1_within,833,6,11.71,11.71
ar1_within,834,6,16.134,16.134
ar1_within,835,6,16.614,16.614
ar1_within,836,2,8.4,2.225
ar1_within,837,6,14.899,14.899
ar1_within,838,6,27.733,27.733
ar1_within,839,6,9.066,9.066
ar1_within,840,6,9.899,9.899
ar1_within,841,6,11.467,11.467
ar1_within,842,4,33.013,32.228
ar1_within,843,5,14.976,14.564
ar1_within,844,6,23.419,23.419
ar1_within,845,6,23.078,23.078
ar1_within,846,3,30.862,28.46
ar1_within,847,6,20.761,20.761
ar1_within,848,6,17.967,17.967
ar1_within,849,6,14.346,14.346
ar1_within,850,6,6.873,6.873
ar1_within,851,6,20.035,20.035
ar1_within,852,5,21.46,20.497
ar1_within,853,6,25.694,25.694
ar1_within,854,5,20.373,20.242
ar1_within,855,5,8.258,6.1
ar1_within,856,5,3.161,0.4
ar1_within,857,4,6.221,4.523
ar1_within,858,5,3.937,2.508
ar1_within,859,5,20.611,20.61
ar1_within,860,6,9.629,9.629
ar1_within,861,4,13.891,12.59
ar1_within,862,6,10.439,10.439
ar1_within,863,5,9.423,9.114
ar1_within,864,6,4.943,4.943
ar1_within,865,6,12.456,12.456
ar1_within,866,6,8.432,8.432
ar1_within,867,4,23.281,22.266
ar1_within,868,6,22.19,22.19
ar1_within,869,3,11.729,8.832
ar1_within,870,6,31.774,31.774
ar1_within,871,6,0.602,0.602
ar1_within,872,5,5.38,2.938
ar1_within,873,5,9.487,8.426
ar1_within,874,6,8.364,8.364
ar1_within,875,6,15.076,15.076
ar1_within,876,3,8.647,8.022
ar1_within,877,4,23.296,21.617
ar1_within,878,4,2.7,0.92
ar1_within,879,4,13.796,13.593
ar1_within,880,6,13.827,13.827
ar1_within,881,6,18.465,18.465
ar1_within,882,6,1.988,1.988
ar1_within,883,2,2.832,-1.635
ar1_within,884,6,9.592,9.592
ar1_within,885,6,15.31,15.31
ar1_within,886,6,14.183,14.183
ar1_within,887,6,13.615,13.615
ar1_within,888,6,3.195,3.195
ar1_within,889,5,10.676,10.19
ar1_within,890,1,0.0,-4.673
ar1_within,891,6,12.442,12.442
ar1_within,892,6,13.95,13.95
ar1_within,893,5,5.931,5.816
ar1_within,894,6,7.744,7.744
ar1_within,895,6,25.95,25.95
ar1_within,896,6,30.295,30.295
ar1_within,897,5,5.111,5.006
ar1_within,898,3,2.655,-0.536
ar1_within,899,6,8.766,8.766
ar1_within,900,5,11.352,9.976
ar1_within,901,5,7.605,7.125
ar1_within,902,6,11.502,11.502
ar1_within,903,6,12.001,12.001
ar1_within,904,6,28.764,28.764
ar1_within,905,6,17.693,17.693
ar1_within,906,4,6.625,6.153
ar1_within,907,5,9.066,7.496
ar1_within,908,5,14.043,11.971
ar1_within,909,4,15.786,12.956
ar1_within,910,6,19.014,19.014
ar1_within,911,3,6.305,5.361
ar1_within,912,6,9.517,9.517
ar1_within,913,6,10.375,10.375
ar1_within,914,5,18.787,17.776
ar1_within,915,5,16.88,16.667
ar1_within,916,5,14.725,13.175
ar1_within,917,6,15.405,15.405
ar1_within,918,6,24.441,24.441
ar1_within,919,6,11.007,11.007
ar1_within,920,6,14.488,14.488
ar1_within,921,6,18.953,18.953
ar1_within,922,5,10.955,10.555
ar1_within,923,6,16.639,16.639
ar1_within,924,6,11.564,11.564
ar1_within,925,6,15.526,15.526
ar1_within,926,6,17.508,17.508
ar1_within,927,6,5.453,5.453
ar1_within,928,6,16.013,16.013
ar1_within,929,6,19.146,19.146
ar1_within,930,5,23.182,21.526
ar1_within,931,5,24.672,23.484
ar1_within,932,6,16.643,16.643
ar1_within,933,3,2.92,0.812
ar1_within,934,6,11.649,11.649
ar1_within,935,6,15.282,15.282
ar1_within,936,5,26.109,24.742
ar1_within,937,1,0.0,-7.785
ar1_within,938,6,35.168,35.168
ar1_within,939,4,8.236,6.764
ar1_within,940,6,11.823,11.823
ar1_within,941,6,21.292,21.292
ar1_within,942,5,14.008,12.519
ar1_within,943,6,10.728,10.728
ar1_within,944,6,35.108,35.108
ar1_within,945,6,19.883,19.883
ar1_within,946,4,5.559,2.473
ar1_within,947,5,16.632,15.309
ar1_within,948,6,25.609,25.609
ar1_within,949,6,9.419,9.419
ar1_within,950,6,8.636,8.636
ar1_within,951,6,32.655,32.655
ar1_within,952,3,11.326,7.723
ar1_within,953,2,5.908,-0.378
ar1_within,954,6,27.254,27.254
ar1_within,955,5,6.838,4.854
ar1_within,956,2,0.181,-8.483
ar1_within,957,6,18.021,18.021
ar1_within,958,6,29.791,29.791
ar1_within,959,6,13.623,13.623
ar1_within,960,6,13.085,13.085
ar1_within,961,6,18.631,18.631
ar1_within,962,6,14.476,14.476
ar1_within,963,6,19.379,19.379
ar1_within,964,6,18.046,18.046
ar1_within,965,6,8.014,8.014
ar1_within,966,6,11.497,11.497
ar1_within,967,6,3.068,3.068
ar1_within,968,6,17.251,17.251
ar1_within,969,5,15.324,14.577
ar1_within,970,5,9.445,9.009
ar1_within,971,5,19.349,17.563
ar1_within,972,6,11.76,11.76
ar1_within,973,6,5.223,5.223
ar1_within,974,6,10.251,10.251
ar1_within,975,4,17.718,17.573
ar1_within,976,6,15.176,15.176
ar1_within,977,6,11.979,11.979
ar1_within,978,6,12.372,12.372
ar1_within,979,3,0.998,0.457
ar1_within,980,3,17.637,13.087
ar1_within,981,6,7.872,7.872
ar1_within,982,3,1.185,-4.08
ar1_within,983,6,14.679,14.679
ar1_within,984,4,9.191,5.816
ar1_within,985,6,9.887,9.887
ar1_within,986,1,0.0,-4.508
ar1_within,987,6,8.234,8.234
ar1_within,988,6,9.752,9.752
ar1_within,989,6,21.472,21.472
ar1_within,990,3,10.376,7.123
ar1_within,991,3,3.016,0.321
ar1_within,992,5,10.948,10.248
ar1_within,993,5,4.539,3.717
ar1_within,994,5,10.837,9.153
ar1_within,995,5,3.23,1.323
ar1_within,996,5,6.073,5.149
ar1_within,997,6,12.636,12.636
ar1_within,998,5,15.691,14.484
ar1_within,999,6,18.86,18.86
